dvd_num,title,location,book case,shelf,display type
white-1,Aardman Classics (not work on laptop),BEDROOM,1,1,NUMERICAL
white-2,Atlantis,BEDROOM,4,3,CATEGORIES
white-3,Balto,BEDROOM,1,1,NUMERICAL
white-4,Beauty and the Beast (Disney),BEDROOM,4,1,CATEGORIES
white-5,Beauty and the Beast and Little Mermaid,BEDROOM,1,1,NUMERICAL
white-6,Colour Cartoons Vol 1-2,BEDROOM,1,1,NUMERICAL
white-7,Colours time,BEDROOM,1,1,NUMERICAL
white-8,Eldorado,BEDROOM,1,1,NUMERICAL
white-9,Disney Fables – Vol 1 The Legend of Sleepy Hollow The Prince and the Pauper.,BEDROOM,1,1,NUMERICAL
white-10,Disney Fables – Vol 2 Little Hiawatha The Ugly Duckling,BEDROOM,1,1,NUMERICAL
white-11,Flipper,BEDROOM,1,1,NUMERICAL
white-12,Free Willy 2 – The Adventure Home,BEDROOM,1,1,NUMERICAL
white-13,Free Willy 3 – The Rescue,BEDROOM,1,1,NUMERICAL
white-14,Inspector Gadgets Last Case,BEDROOM,1,1,NUMERICAL
white-15,Hey Arnold,BEDROOM,1,1,NUMERICAL
white-16,Jimmy Neutron Boy Genius. (Not work on laptop),BEDROOM,1,1,NUMERICAL
white-17,Lilo and Stitch,BEDROOM,4,3,CATEGORIES
white-18,The Little Mermaid II – Return to the Sea,BEDROOM,1,1,NUMERICAL
white-19,Mickey’s House of Mouse,BEDROOM,1,1,NUMERICAL
white-20,Mr Men and Little Miss The Joke is on Little Miss Naughty,BEDROOM,1,1,NUMERICAL
white-21,Mr Men and Little Miss – Mr Bump goes on a trip,BEDROOM,1,1,NUMERICAL
white-22,Pinocchio,BEDROOM,1,1,NUMERICAL
white-23,Sitting Ducks,BEDROOM,1,1,NUMERICAL
white-24,Treasure Planet,BEDROOM,4,3,CATEGORIES
white-25,Finding Nemo,BEDROOM,1,1,NUMERICAL
white-26,Free Willy,BEDROOM,1,1,NUMERICAL
white-27,Snow White,BEDROOM,1,1,NUMERICAL
white-28,Spirit,BEDROOM,1,1,NUMERICAL
white-29,Alice in Wonderland,BEDROOM,1,1,NUMERICAL
white-30,Jungle Book and Snow White,BEDROOM,1,1,NUMERICAL
white-31,Rescuers Down Under,BEDROOM,4,1,CATEGORIES
white-32,Barbie Rapunzel,BEDROOM,1,1,NUMERICAL
white-33,Lassie in the Painted Hills,BEDROOM,1,1,NUMERICAL
white-34,Last Unicorn,BEDROOM,1,1,NUMERICAL
white-35,Spiderman Disc 1,BEDROOM,1,1,NUMERICAL
white-36,Spiderman Disc 2,BEDROOM,1,1,NUMERICAL
white-37,The Little Mermaid & Little Mermaid II,BEDROOM,1,1,NUMERICAL
white-38,The Fox and the Hound,BEDROOM,1,1,NUMERICAL
white-39,Ice Age,BEDROOM,1,1,NUMERICAL
white-40,Whales – An Unforgettable Journey,BEDROOM,1,1,NUMERICAL
white-41,The Emperor’s New Groove,BEDROOM,1,1,NUMERICAL
white-42,Stitch - The Movie,BEDROOM,1,1,NUMERICAL
white-43,The Jungle Book,BEDROOM,1,1,NUMERICAL
white-44,Help! I’m a Fish,BEDROOM,1,1,NUMERICAL
white-45,"Monsters, Inc",BEDROOM,1,1,NUMERICAL
white-46,Robin Hood,BEDROOM,4,1,CATEGORIES
white-47,Atlantis – Milo’s Return,BEDROOM,1,1,NUMERICAL
white-48,Hans Christian Andersen’s “The Little Mermaid”,BEDROOM,1,1,NUMERICAL
white-49,Happily Ever After “Goldilocks and the Three Bears” & “The Little Mermaid”,BEDROOM,1,1,NUMERICAL
white-50,Looney tunes “Back in Action”,BEDROOM,1,1,NUMERICAL
white-51,The Aquarium,BEDROOM,1,1,NUMERICAL
white-52,Yule Be Wiggling,BEDROOM,1,1,NUMERICAL
white-53,Cartoon Hall of Fame Vol 1,BEDROOM,1,1,NUMERICAL
white-54,Cartoon Hall of Fame Vol 2,BEDROOM,1,1,NUMERICAL
white-55,Cartoon Hall of Fame Vol 5,BEDROOM,1,1,NUMERICAL
white-56,Cartoon Festival Volume 1,BEDROOM,1,1,NUMERICAL
white-57,Porky Pig and Friends Volume 2,BEDROOM,1,1,NUMERICAL
white-58,Mr Men The Complete Original TV Series,BEDROOM,1,1,NUMERICAL
white-59,Vampires Pirates Aliens Vol 2,BEDROOM,1,1,NUMERICAL
white-60,Bedknobs and Broomsticks,BEDROOM,4,1,CATEGORIES
white-61,Basil The Great Mouse Detective,BEDROOM,1,1,NUMERICAL
white-62,The Sword and the Stone,BEDROOM,4,1,CATEGORIES
white-63,Dumbo,BEDROOM,4,1,CATEGORIES
white-64,Sleeping Beauty,BEDROOM,1,1,NUMERICAL
white-65,Hercules,BEDROOM,4,1,CATEGORIES
white-66,Cartoon Hall of Fame Vol 4,BEDROOM,1,1,NUMERICAL
white-67,Cartoon Hall of Fame Vol 3,BEDROOM,1,1,NUMERICAL
white-68,Clifford’s Really Big Movie,BEDROOM,1,1,NUMERICAL
white-69,Disney Winter Wonderland,BEDROOM,1,2,NUMERICAL
white-70,Aladdin Special Edition,BEDROOM,4,1,CATEGORIES
white-71,The Muppets Christmas Carol,BEDROOM,1,2,NUMERICAL
white-72,Tom and Jerry Classic Collection Vol. 2,BEDROOM,4,3,CATEGORIES
white-73,Danger Mouse Saves the World Again,LOUNGEROOM,1,1,ALPHABETICAL
white-74,Garfield,BEDROOM,1,2,NUMERICAL
white-75,The Little Polar Bear,BEDROOM,1,2,NUMERICAL
white-76,The Wombles Vol. 1,GARAGE,TUB 1,,NUMERICAL
white-77,Woody WoodPecker and Friends,BEDROOM,1,2,NUMERICAL
white-78,Tom and Jerry The Movie,BEDROOM,1,2,NUMERICAL
white-79,Tom and Jerry’s Greatest Chases,BEDROOM,1,2,NUMERICAL
white-80,Great White – Deep Trouble,BEDROOM,1,2,NUMERICAL
white-81,Daffy Duck “Its Duck Season” {2 copies},BEDROOM,1,2,NUMERICAL
white-82,Cartoon Festival Vol. 1,BEDROOM,1,2,NUMERICAL
white-83,Cartoon Festival Vol. 4,BEDROOM,1,2,NUMERICAL
white-84,Cartoon Festival Vol. 5,BEDROOM,1,2,NUMERICAL
white-85,Cartoon Festival Vol. 6,BEDROOM,1,2,NUMERICAL
white-86,Pacific Dreams,BEDROOM,1,2,NUMERICAL
white-87,Oliver and Company,BEDROOM,4,1,CATEGORIES
white-88,The Aristocats,BEDROOM,1,2,NUMERICAL
white-89,The Brave Little Toaster,GARAGE,TUB 1,,NUMERICAL
white-90,Cartoon Classics – Disc 1,BEDROOM,1,2,NUMERICAL
white-91,Cartoon Classics – Disc 2,BEDROOM,1,2,NUMERICAL
white-92,Cartoon Classics – Disc 3,BEDROOM,1,2,NUMERICAL
white-93,Cartoon Classics – Disc 4,BEDROOM,1,2,NUMERICAL
white-94,Pink Panther Cartoon Collection – Disc 1,,,,
white-95,Pink Panther Cartoon Collection – Disc 2,,,,
white-96,Pink Panther Cartoon Collection – Disc 3,,,,
white-97,Pink Panther Cartoon Collection – Disc 4,,,,
white-98,Mickey Donald Goofy The Three Musketeers,BEDROOM,4,3,CATEGORIES
white-99,The Ultimate Guide. Dolphins and Whales,BEDROOM,1,2,NUMERICAL
white-100,Elf,BEDROOM,1,2,NUMERICAL
white-101,Dolphins. The Wild Side.,BEDROOM,1,2,NUMERICAL
white-102,Toys,BEDROOM,1,2,NUMERICAL
white-103,"Jacques Cousteau- Dolphins, Whales, Warm Blooded Sea Mammals",BEDROOM,1,2,NUMERICAL
white-104,Cartoon Festival- Vol 6,BEDROOM,1,2,NUMERICAL
white-105,Cartoon Festival- Vol 7,BEDROOM,1,2,NUMERICAL
white-106,Looney Tunes Collection- All Stars Vol. 1,BEDROOM,4,2,CATEGORIES
white-107,Looney Tunes Collection- All Stars Vol. 2,BEDROOM,4,2,CATEGORIES
white-108,Double Feature- Bugs Bunny and Friends Daffy Duck- It’s Duck Season,BEDROOM,1,2,NUMERICAL
white-109,Inspector Gadget’s Biggest Caper Ever,BEDROOM,1,2,NUMERICAL
white-110,A Goofy Movie,BEDROOM,1,2,NUMERICAL
white-111,Wallace and Gromit…’The Curse of the Were Rabbit’,BEDROOM,1,2,NUMERICAL
white-112,Mr. Strong makes a Splash,BEDROOM,1,2,NUMERICAL
white-113,Mr. Tickle Saves the Day,BEDROOM,1,2,NUMERICAL
white-114,The Treacle People “Treacle Trouble”,BEDROOM,1,2,NUMERICAL
white-115,The Blobs,BEDROOM,1,2,NUMERICAL
white-116,Chicken Little,BEDROOM,1,2,NUMERICAL
white-117,Cartoon Classics Vol 12,BEDROOM,1,2,NUMERICAL
white-118,Porky Pig and Friends,BEDROOM,1,2,NUMERICAL
white-119,Inspector Gadget Disc 1,LOUNGEROOM,1,3,ALPHABETICAL
white-120,Inspector Gadget Disc 2,LOUNGEROOM,1,3,ALPHABETICAL
white-121,Inspector Gadget Disc 3,LOUNGEROOM,1,3,ALPHABETICAL
white-122,Inspector Gadget Disc 4,LOUNGEROOM,1,3,ALPHABETICAL
white-123,Inspector Gadget Disc 5,LOUNGEROOM,1,3,ALPHABETICAL
white-124,Inspector Gadget Disc 6,LOUNGEROOM,1,3,ALPHABETICAL
white-125,Bug Alert – Numbers,BEDROOM,1,3,NUMERICAL
white-126,Bertha – The Best Machine Competition,LOUNGEROOM,1,TOP SHELF,ALPHABETICAL
white-127,A Pup Named Scooby-Doo {2 Discs},LOUNGEROOM,1,4,ALPHABETICAL
white-128,Cartoon Festival Volume 6,BEDROOM,1,2,NUMERICAL
white-129,Garfield The Movie,BEDROOM,1,2,NUMERICAL
white-130,Chicken Run,BEDROOM,1,2,NUMERICAL
white-131,Snailsbury Tales- Drought,BEDROOM,1,2,NUMERICAL
white-132,The Never Ending Story II- The Next Chapter,BEDROOM,1,2,NUMERICAL
white-133,Preston Pig – Football Champion,BEDROOM,1,2,NUMERICAL
white-134,You are Arthur,BEDROOM,1,2,NUMERICAL
white-135,The Black Cauldron,BEDROOM,4,1,CATEGORIES
white-136,Cartoon Festival Vol 8,BEDROOM,1,2,NUMERICAL
white-137,A Letter for George – The Koala Brothers,BEDROOM,1,2,NUMERICAL
white-138,The Koala Brothers – Archie’s New Home,BEDROOM,1,2,NUMERICAL
white-139,The Koala Brothers – Ned The Pilot,BEDROOM,1,2,NUMERICAL
white-140,The Wombles – Vol 2,GARAGE,TUB 1,,NUMERICAL
white-141,Stickin Around Volume 2,LOUNGEROOM,2,1,ALPHABETICAL
white-142,Richard Scarry’s Best Learning Collection,BEDROOM,1,2,NUMERICAL
white-143,Peppa Pig – New Shoes,BEDROOM,1,2,NUMERICAL
white-144,Fifi and the Flowertots,GARAGE,TUB 1,,NUMERICAL
white-145,Sesame – Imagine with Me,BEDROOM,1,2,NUMERICAL
white-146,Bob The Builder – Put It Together,BEDROOM,1,2,NUMERICAL
white-147,Peppa Pig – Flying A Kite,BEDROOM,1,2,NUMERICAL
white-148,Noddy – A Bike for Big Ears,BEDROOM,1,2,NUMERICAL
white-149,Sesame Street – The Best of Ernie and Bert,BEDROOM,1,2,NUMERICAL
white-150,Fireman Sam – Fun Run,BEDROOM,1,2,NUMERICAL
white-151,Bernard,BEDROOM,1,2,NUMERICAL
white-152,Wallace and Grommit 3 Cracking Adventures,BEDROOM,1,3,NUMERICAL
white-153,Atlantis – Milo’s Return,BEDROOM,1,3,NUMERICAL
white-154,Pingu Forever,BEDROOM,4,3,CATEGORIES
white-155,Miracles From the Wild Side,BEDROOM,1,3,NUMERICAL
white-156,"Dolphins, The Wild Side",BEDROOM,1,3,NUMERICAL
white-157,Animals Up Close: Crittercam,BEDROOM,1,3,NUMERICAL
white-158,Dr Dog – Doing What comes Naturally,BEDROOM,1,3,NUMERICAL
white-159,Shark Tale,BEDROOM,1,3,NUMERICAL
white-160,The Grim Adventures of Billy and Mandy (season 1) Disc 1,BEDROOM,1,3,NUMERICAL
white-161,The Grim Adventures of Billy and Mandy (season 1) Disc 2,BEDROOM,1,3,NUMERICAL
white-162,Krypto the Superdog – Super Pets Unleashed,BEDROOM,1,3,NUMERICAL
white-163,Krypto the Superdog – Cosmic Canine,BEDROOM,1,3,NUMERICAL
white-164,Mr Clever – Mr Clever’s Invention,BEDROOM,4,3,CATEGORIES
white-165,Mr Clumsy – Head Butler,BEDROOM,4,3,CATEGORIES
white-166,Pingu. Pingu In Paradise,BEDROOM,1,3,NUMERICAL
white-167,Xiaolin – Showdown (Season 1) Disc 1,BEDROOM,1,3,NUMERICAL
white-168,Xiaolin – Showdown (Season 1) Disc 2,BEDROOM,1,3,NUMERICAL
white-169,Mucha Lucha – The Return of El Malefico,BEDROOM,1,3,NUMERICAL
white-170,Static Shock The New Kid Vol. 1,BEDROOM,1,3,NUMERICAL
white-171,The Adventures of Jimmy Neutron – Confusion Fusion,BEDROOM,1,3,NUMERICAL
white-172,Charlie and Lola – Series 1 Disc 1,BEDROOM,1,3,NUMERICAL
white-173,Charlie and Lola – Series 1 Disc 2,BEDROOM,1,3,NUMERICAL
white-174,Charlie and Lola – Series 1 Disc 3,BEDROOM,1,3,NUMERICAL
white-175,Charlie and Lola – Series 1 Disc 4,BEDROOM,1,3,NUMERICAL
white-176,Ducktales Vol 2,BEDROOM,1,3,NUMERICAL
white-177,Hoodwinked,BEDROOM,1,3,NUMERICAL
white-178,Pixar Short Films,BEDROOM,1,3,NUMERICAL
white-179,Dr Seuss Horton Hears a Who!,BEDROOM,1,3,NUMERICAL
white-180,Lady and the Tramp,BEDROOM,1,3,NUMERICAL
white-181,Pochahontas II. Journey to a New World,BEDROOM,1,3,NUMERICAL
white-182,Pochahontas,BEDROOM,4,1,CATEGORIES
white-183,Stuart Little 3. Call of the Wild,GARAGE,TUB 1,,NUMERICAL
white-184,Sleeping Beauty,BEDROOM,4,1,CATEGORIES
white-185,Peter Pan,BEDROOM,4,1,CATEGORIES
white-186,Donkey Xote,BEDROOM,1,3,NUMERICAL
white-187,Lion King 2 – Simba’s Pride,BEDROOM,1,3,NUMERICAL
white-188,Bee Movie,BEDROOM,1,3,NUMERICAL
white-189,Shaun the Sheep – Still Life,BEDROOM,1,3,NUMERICAL
white-190,Planet Sketch,BEDROOM,1,3,NUMERICAL
white-191,The Fat Albert Halloween Special,BEDROOM,1,3,NUMERICAL
white-192,Alvin and the Chipmunks meet Frankenstein,BEDROOM,1,3,NUMERICAL
white-193,The Fat Albert Christmas Special,BEDROOM,1,3,NUMERICAL
white-194,Jack and Marcel Vol 1,BEDROOM,1,3,NUMERICAL
white-195,Herman and Friends,BEDROOM,4,3,CATEGORIES
white-196,Santa’s Mouse and the Rat Deer,BEDROOM,1,3,NUMERICAL
white-197,"Olive, the other Reindeer",BEDROOM,1,3,NUMERICAL
white-198,Journey to the Centre of the Earth,BEDROOM,4,2,CATEGORIES
white-199,How Green was my Lunch Meat,BEDROOM,1,3,NUMERICAL
white-200,Hamtaro little Hamsters big adventures,BEDROOM,1,3,NUMERICAL
white-201,Archibald the Koala Vol 5,GARAGE,TUB 1,,NUMERICAL
white-202,Don Quixote,BEDROOM,1,3,NUMERICAL
white-203,Prince and the Pauper,BEDROOM,4,2,CATEGORIES
white-204,Noah’s Ark,BEDROOM,1,3,NUMERICAL
white-205,Jack and the Beanstalk/ Jungle Book,BEDROOM,4,2,CATEGORIES
white-206,Beany and Cecil – Crime doesn’t pay,BEDROOM,1,3,NUMERICAL
white-207,Dr. Jekyll and Mr. Hyde,BEDROOM,1,3,NUMERICAL
white-208,The 3 Stooges Vol 2,BEDROOM,4,3,CATEGORIES
white-209,Archie’s Weird Mysteries Vol 4,GARAGE,TUB 1,,NUMERICAL
white-210,Archie’s Weird Mysteries Vol 5,GARAGE,TUB 1,,NUMERICAL
white-211,Archie’s Weird Mysteries Vol 6,GARAGE,TUB 1,,NUMERICAL
white-212,The Waterhorse Legend of the Deep,BEDROOM,1,3,NUMERICAL
white-213,Santa Clause,BEDROOM,1,3,NUMERICAL
white-214,Santa Clause 2,BEDROOM,1,3,NUMERICAL
white-215,Santa Clause 3 The Escape Clause,BEDROOM,1,3,NUMERICAL
white-216,Charlie and Lola five,BEDROOM,1,3,NUMERICAL
white-217,Charlie and Lola six,BEDROOM,1,3,NUMERICAL
white-218,Charlie and Lola seven,BEDROOM,1,3,NUMERICAL
white-219,Charlie and Lola eight,BEDROOM,1,3,NUMERICAL
white-220,The Wubbulous World of Dr. Suess,BEDROOM,1,3,NUMERICAL
white-221,Wallace and Gromit “A Matter of Loaf and Death,BEDROOM,1,3,NUMERICAL
white-222,The Amazing Adrenalini Brothers,BEDROOM,1,3,NUMERICAL
white-223,Mee-Shee ‘The Water Giant’,BEDROOM,1,3,NUMERICAL
white-224,Ducktales Vol1,BEDROOM,1,3,NUMERICAL
white-225,Shaun the Sheep ‘Save the Tree’,BEDROOM,1,3,NUMERICAL
white-226,The Wild,BEDROOM,1,3,NUMERICAL
white-227,Shaun the Sheep ‘Shape up with Shaun’,BEDROOM,1,3,NUMERICAL
white-228,Yo Gabba Gabba,BEDROOM,1,3,NUMERICAL
white-229,Dora Saves the Mermaids,BEDROOM,1,3,NUMERICAL
white-230,Go Diego Go ‘Safari Rescue’,BEDROOM,4,4,CATEGORIES
white-231,Go Diego Go ‘Wolf Pup Rescue’,BEDROOM,4,4,CATEGORIES
white-232,The Smurfs Time Travellers Disc 1,GARAGE,TUB 1,,NUMERICAL
white-233,The Smurfs Time Travellers Disc 2,GARAGE,TUB 1,,NUMERICAL
white-234,The Smurfs Time Travellers Disc 3,GARAGE,TUB 1,,NUMERICAL
white-235,Camp Lazlo season 1 Disc 1,GARAGE,TUB 1,,NUMERICAL
white-236,Camp Lazlo season 1 Disc 2,GARAGE,TUB 1,,NUMERICAL
white-237,The Mr. Men Show. Mr. Happy and Friends go to Work Vol. 5,GARAGE,TUB 1,,NUMERICAL
white-238,The Amazing Adrenalini Brothers ‘Mother of Mayhem’,BEDROOM,1,3,NUMERICAL
white-239,Shaun the Sheep ‘Washday’,BEDROOM,1,3,NUMERICAL
white-240,Shaun the Sheep ‘Abracadabra’,BEDROOM,1,4,NUMERICAL
white-241,Gumby Dharma,BEDROOM,1,4,NUMERICAL
white-242,Wow Wow Wubbzy season 1 Disc 1,GARAGE,TUB 1,,NUMERICAL
white-243,Wow Wow Wubbzy season 1 Disc 2,GARAGE,TUB 1,,NUMERICAL
white-244,Yo Gabba Gabba ‘Fun with Friends,BEDROOM,1,4,NUMERICAL
white-245,The Mr. Men Show Volume 3,BEDROOM,1,4,NUMERICAL
white-246,The Reef,BEDROOM,1,4,NUMERICAL
white-247,The Tortoise and the Hare,BEDROOM,1,4,NUMERICAL
white-248,Chip’n’ Dale Rescue Rangers Vol 3,LOUNGEROOM,1,1,ALPHABETICAL
white-249,Tom and Jerry Classic Collection Vol 11,BEDROOM,1,4,NUMERICAL
white-250,Disney’s Christmas Favourites,BEDROOM,1,4,NUMERICAL
white-251,Astroboy Collection 2 Disc 1,LOUNGEROOM,1,TOP SHELF,ALPHABETICAL
white-252,Astroboy Collection 2 Disc 2,LOUNGEROOM,1,TOP SHELF,ALPHABETICAL
white-253,Astroboy Collection 2 Disc 3,LOUNGEROOM,1,TOP SHELF,ALPHABETICAL
white-254,Astroboy Collection 2 Disc 4,LOUNGEROOM,1,TOP SHELF,ALPHABETICAL
white-255,Astroboy Collection 2 Disc 5,LOUNGEROOM,1,TOP SHELF,ALPHABETICAL
white-256,Land Before Time- Journey through the Mists,BEDROOM,1,4,NUMERICAL
white-257,Flushed Away,BEDROOM,1,4,NUMERICAL
white-258,Scooby- Doo and the Reluctant Werewolf,BEDROOM,1,4,NUMERICAL
white-259,Shaun the Sheep – Two’s Company,BEDROOM,1,4,NUMERICAL
white-260,Shaun the Sheep – Spring Lamb,BEDROOM,1,4,NUMERICAL
white-261,Robots,BEDROOM,1,4,NUMERICAL
white-262,Leon and the Owl,BEDROOM,1,4,NUMERICAL
white-263,Chip’n’ Dale Rescue Rangers Vol 2,BEDROOM,1,4,NUMERICAL
white-264,The Princess and the Pea and other stories,BEDROOM,1,4,NUMERICAL
white-265,Dinotopia Disk 1,BEDROOM,1,4,NUMERICAL
white-266,We’re back - A Dinosaur Story Disc 2,BEDROOM,1,4,NUMERICAL
white-267,Alvin and the Chipmunks meet Frankenstein,BEDROOM,1,4,NUMERICAL
white-268,Alvin and the Chipmunks meet the Wolfman,BEDROOM,1,4,NUMERICAL
white-269,Class of the Titans “The Antikythera Device”,BEDROOM,1,4,NUMERICAL
white-270,The Backyardigans- Robin Hood,BEDROOM,1,4,NUMERICAL
white-271,Diego’s Halloween!,BEDROOM,1,4,NUMERICAL
white-272,Barbie in A Mermaid Tale,BEDROOM,1,4,NUMERICAL
white-273,Wubbzy goes Boo!,BEDROOM,1,4,NUMERICAL
white-274,Sponge Bob Halloween,BEDROOM,1,4,NUMERICAL
white-275,101 Dalmatians Disc 1,BEDROOM,4,1,CATEGORIES
white-276,101 Dalmatians Disc 2,BEDROOM,4,1,CATEGORIES
white-277,Chip’n’ Dale Vol 1,BEDROOM,1,4,NUMERICAL
white-278,Yo Gabba Gabba Halloween,GARAGE,TUB 1,,ALPHABETICAL
white-279,Little Kingdom - The Royal Fairy Picnic,BEDROOM,1,4,NUMERICAL
white-280,Benjamin The Elephant,BEDROOM,1,4,NUMERICAL
white-281,Redwall,BEDROOM,1,4,NUMERICAL
white-282,Seven Little Monsters,BEDROOM,1,4,NUMERICAL
white-283,Shaun the Sheep- Whistleblower.,BEDROOM,1,4,NUMERICAL
white-284,Diego Saves Christmas,BEDROOM,1,4,NUMERICAL
white-285,Bugs Bunny’s 1001 Rabbit Tales,BEDROOM,1,4,NUMERICAL
white-286,Wall.E,BEDROOM,1,4,NUMERICAL
white-287,IGOR,BEDROOM,1,4,NUMERICAL
white-288,Mickey’s Once upon a time Christmas,BEDROOM,1,4,NUMERICAL
white-289,Up,BEDROOM,1,4,NUMERICAL
white-290,Diego’s Ultimate Rescue League,BEDROOM,4,4,CATEGORIES
white-291,The Berenstain Bears Vol 4,GARAGE,TUB 1,,NUMERICAL
white-292,Fraggle Rock The Complete 1st season Disc 1,GARAGE,TUB 1,,NUMERICAL
white-293,Fraggle Rock The Complete 1st season Disc 2,GARAGE,TUB 1,,NUMERICAL
white-294,Fraggle Rock The Complete 1st season Disc 3,GARAGE,TUB 1,,NUMERICAL
white-295,Fraggle Rock The Complete 1st season Disc 4,GARAGE,TUB 1,,NUMERICAL
white-296,Rolie Polie Olie Vol 1,BEDROOM,1,4,NUMERICAL
white-297,Arthur “D.W. on ice”,BEDROOM,1,4,NUMERICAL
white-298,Maggie and the Ferocious Beast Vol 1,BEDROOM,1,4,NUMERICAL
white-299,The Country Mouse and the City Mouse The Mystery of the Mouse Pharaoh’s Tomb,LOUNGEROOM,1,1,ALPHABETICAL
white-300,Wimzie’s House – A World of Enchantment,LOUNGEROOM,2,2,ALPHABETICAL
white-301,Paddington- 50th Anniversary Disc 1,LOUNGEROOM,1,4,ALPHABETICAL
white-302,Paddington- 50th Anniversary Disc 2,LOUNGEROOM,1,4,ALPHABETICAL
white-303,World of Quest- The Quest Begins,BEDROOM,1,4,NUMERICAL
white-304,Johnny Test The Complete 1st and 2nd season Disc 1,GARAGE,TUB 1,,NUMERICAL
white-305,Johnny Test The Complete 1st and 2nd season Disc 2,GARAGE,TUB 1,,NUMERICAL
white-306,Johnny Test The Complete 1st and 2nd season Disc 3,GARAGE,TUB 1,,NUMERICAL
white-307,Horseland- Fire Burning Bright,BEDROOM,4,4,CATEGORIES
white-308,Gerald McBoing Boing,GARAGE,TUB 1,,NUMERICAL
white-309,Arthur – The Complete Series 1 Disc 1,GARAGE,TUB 1,,NUMERICAL
white-310,Arthur - The Complete Series 1 Disc 2,GARAGE,TUB 1,,NUMERICAL
white-311,Arthur - The Complete Series 1 Disc 3,GARAGE,TUB 1,,NUMERICAL
white-312,Upside Down Show Vol 3,BEDROOM,1,4,NUMERICAL
white-313,Upside Down Show Vol 4,BEDROOM,1,4,NUMERICAL
white-314,Mr. Men Show Vol 4,BEDROOM,1,4,NUMERICAL
white-315,ABC Kids Favourites 2,BEDROOM,1,4,NUMERICAL
white-316,Despicable Me,BEDROOM,1,4,NUMERICAL
white-317,Super Mario World,LOUNGEROOM,2,1,ALPHABETICAL
white-318,Go Diego Go “Diego’s Arctic Rescue’,BEDROOM,4,4,CATEGORIES
white-319,Scooby Doo and the Ghoul school,BEDROOM,1,4,NUMERICAL
white-320,Fantasia “The Classic”,BEDROOM,4,1,CATEGORIES
white-321,Gumby the 80’s Vol 2,LOUNGEROOM,1,2,ALPHABETICAL
white-322,Gumby the 80’s Vol 1,LOUNGEROOM,1,2,ALPHABETICAL
white-323,The Addams Family Vol 3 Disc 1,BEDROOM,1,4,NUMERICAL
white-324,The Addams Family Vol 3 Disc 2,BEDROOM,1,4,NUMERICAL
white-325,The Addams Family Vol 3 Disc 3,BEDROOM,1,4,NUMERICAL
white-326,Octonauts,BEDROOM,1,4,NUMERICAL
white-327,Mr. Mischief,BEDROOM,4,3,CATEGORIES
white-328,Mr. Noisy,BEDROOM,4,3,CATEGORIES
white-329,Garfield’s Pet Force,BEDROOM,1,4,NUMERICAL
white-330,Fishing for the Moon,BEDROOM,1,4,NUMERICAL
white-331,Yo Gabba Gabba “Superheros”,GARAGE,TUB 1,,NUMERICAL
white-332,Elliot Moose,BEDROOM,1,4,NUMERICAL
white-333,Mickey’s Treat,GARAGE,TUB 1,,NUMERICAL
white-334,Marvin the Tap Dancing Horse,BEDROOM,1,4,NUMERICAL
white-335,Tom and Jerry Classic Collection Vol 6,BEDROOM,4,2,CATEGORIES
white-336,Tom and Jerry Classic Collection Vol 5,BEDROOM,4,2,CATEGORIES
white-337,Tom and Jerry (Japanese),BEDROOM,1,4,NUMERICAL
white-338,Tom and Jerry Classic Collection Vol 10,BEDROOM,4,3,CATEGORIES
white-339,Tom and Jerry Classic Collection Vol 8,BEDROOM,4,3,CATEGORIES
white-340,Flipper and Lopaka “Sharks”,BEDROOM,4,4,CATEGORIES
white-341,Super Duper Sumos,BEDROOM,1,5,NUMERICAL
white-342,The Lion King,BEDROOM,4,1,CATEGORIES
white-343,The Treacle People “Sticky Like Us” Vol 1,BEDROOM,1,5,NUMERICAL
white-344,Beyblade Metalfusion Vol 5,BEDROOM,1,5,NUMERICAL
white-345,Pippi Longstocking,BEDROOM,1,5,NUMERICAL
white-346,Dinosaur Train “One Big Dinosaur”,BEDROOM,1,5,NUMERICAL
white-347,Dinosaur Train “Fast Friends”,BEDROOM,1,5,NUMERICAL
white-348,Batman “The Brave and the Bold” Vol 1,BEDROOM,1,5,NUMERICAL
white-349,Miss Spider’s Sunny Patch Friends,BEDROOM,1,5,NUMERICAL
white-350,Gnomeo and Juliet,BEDROOM,1,5,NUMERICAL
white-351,Super Ted – Complete Series 1-3 Disc 1,LOUNGEROOM,2,1,ALPHABETICAL
white-352,Super Ted – Complete Series 1-3 Disc 2,LOUNGEROOM,2,1,ALPHABETICAL
white-353,The Garfield Show – Odie Oh!,GARAGE,TUB 1,,NUMERICAL
white-354,BBC Children’s Favourites 2,BEDROOM,1,5,NUMERICAL
white-355,Harry and His Dinosaurs Vol 1,BEDROOM,1,5,NUMERICAL
white-356,Harry and His Dinosaurs Vol 2,BEDROOM,1,5,NUMERICAL
white-357,Harry and His Dinosaurs Vol 3,BEDROOM,1,5,NUMERICAL
white-358,Foster’s Home for Imaginary Friends,BEDROOM,1,5,NUMERICAL
white-359,Sheep in The Big City,GARAGE,TUB 2,,NUMERICAL
white-360,Thumberlina,BEDROOM,4,1,CATEGORIES
white-361,Little Mermaid,BEDROOM,4,1,CATEGORIES
white-362,Beauty and the Beast,BEDROOM,4,1,CATEGORIES
white-363,Alice in Wonderland,BEDROOM,4,1,CATEGORIES
white-364,Sinbad,BEDROOM,4,1,CATEGORIES
white-365,Snow White,BEDROOM,4,1,CATEGORIES
white-366,Moby Dick,BEDROOM,4,1,CATEGORIES
white-367,Cinderella,BEDROOM,4,1,CATEGORIES
white-368,The Little Princess,BEDROOM,4,1,CATEGORIES
white-369,Sleeping Beauty,BEDROOM,4,1,CATEGORIES
white-370,Diego Saves the World,BEDROOM,1,5,NUMERICAL
white-371,Pearlie – Hurly Burly,BEDROOM,1,5,NUMERICAL
white-372,Pearlie – Magic in the City,BEDROOM,1,5,NUMERICAL
white-373,Looney Tunes – Reality Check,BEDROOM,1,5,NUMERICAL
white-374,The Super Hero Squad Show,GARAGE,TUB 2,,NUMERICAL
white-375,Sesame Street – Silly Story Time,BEDROOM,1,5,NUMERICAL
white-376,The New Adventures of Captain Planet Disc 1,LOUNGEROOM,1,4,ALPHABETICAL
white-377,The New Adventures of Captain Planet Disc 2,LOUNGEROOM,1,4,ALPHABETICAL
white-378,The New Adventures of Captain Planet Disc 3,LOUNGEROOM,1,4,ALPHABETICAL
white-379,The New Adventures of Captain Planet Disc 4,LOUNGEROOM,1,4,ALPHABETICAL
white-380,Puss in Boots,BEDROOM,1,5,NUMERICAL
white-381,Shaun the Sheep,BEDROOM,1,5,NUMERICAL
white-382,Looney Tunes Collection – All Stars Vol 3,BEDROOM,4,2,CATEGORIES
white-383,The Jungle Book – Vol 2,BEDROOM,1,5,NUMERICAL
white-384,Dolphin Tale,BEDROOM,1,5,NUMERICAL
white-385,Creep School – Back to School,BEDROOM,1,5,NUMERICAL
white-386,Creep School – Joyeusen Halloween,BEDROOM,1,5,NUMERICAL
white-387,The Smurfs – The Magic Flute,BEDROOM,1,5,NUMERICAL
white-388,Gumby – The Movie,BEDROOM,1,5,NUMERICAL
white-389,Mona – Disc 1,BEDROOM,1,5,NUMERICAL
white-390,Mona – Disc 2,BEDROOM,1,5,NUMERICAL
white-391,Mona – Disc 3,BEDROOM,1,5,NUMERICAL
white-392,Legend of White Fang – Disc 1,LOUNGEROOM,1,3,ALPHABETICAL
white-393,Legend of White Fang – Disc 2,LOUNGEROOM,1,3,ALPHABETICAL
white-394,Legend of White Fang – Disc 3,LOUNGEROOM,1,3,ALPHABETICAL
white-395,Barbie in a Mermaid Tale – Disc 1,BEDROOM,1,5,NUMERICAL
white-396,The Little Mermaid – Disc 1,BEDROOM,4,1,CATEGORIES
white-397,The Little Mermaid – Disc 2,BEDROOM,4,1,CATEGORIES
white-398,Cinderella – Disc 1,BEDROOM,4,1,CATEGORIES
white-399,Cinderella – Disc 2,BEDROOM,4,1,CATEGORIES
white-400,Jungle Book - Disc 1,BEDROOM,4,1,CATEGORIES
white-401,Jungle Book – Disc 2,BEDROOM,4,1,CATEGORIES
white-402,Lady and the Tramp.,BEDROOM,4,1,CATEGORIES
white-403,Jimmy Two Shoes – Disc 1,BEDROOM,1,5,NUMERICAL
white-404,Jimmy Two Shoes – Disc 2,BEDROOM,1,5,NUMERICAL
white-405,Jimmy Two Shoes – Disc 3,BEDROOM,1,5,NUMERICAL
white-406,Jimmy Two Shoes – Disc 4,BEDROOM,1,5,NUMERICAL
white-407,Jimmy Two Shoes – Disc 5,BEDROOM,1,5,NUMERICAL
white-408,Jimmy Two Shoes – Disc 6,BEDROOM,1,5,NUMERICAL
white-409,Jimmy Two Shoes – Disc 7,BEDROOM,1,5,NUMERICAL
white-410,Jimmy Two Shoes – Disc 8,BEDROOM,1,5,NUMERICAL
white-411,Jimmy Two Shoes – Disc 9,BEDROOM,1,5,NUMERICAL
white-412,Jimmy Two Shoes – Disc 10,BEDROOM,1,5,NUMERICAL
white-413,Mike the Knight,BEDROOM,1,5,NUMERICAL
white-414,Care Bears Adventures in Care – a – lot Care Bears Kingdom of Caring,GARAGE,TUB 2,,NUMERICAL
white-415,Care Bears Festival of Fun Care Bears Magical Adventures,GARAGE,TUB 2,,NUMERICAL
white-416,Rupert Undersea Adventures,LOUNGEROOM,1,4,ALPHABETICAL
white-417,Looney Tunes Best of Road Runner,BEDROOM,4,2,CATEGORIES
white-418,Octonauts “Jumpin Jellfish”,BEDROOM,1,5,NUMERICAL
white-419,Wayside the Movie,BEDROOM,1,5,NUMERICAL
white-420,A Bug’s Life Disc 1,BEDROOM,4,3,CATEGORIES
white-421,A Bug’s Life Disc 2,BEDROOM,4,3,CATEGORIES
white-422,Scooby Doo and the Loch Ness Monster,BEDROOM,1,5,NUMERICAL
white-423,Scooby Doo and the Goblin King,BEDROOM,1,5,NUMERICAL
white-424,"The Bugs Bunny, Road Runner Movie",BEDROOM,1,5,NUMERICAL
white-425,Seven Little Monsters,BEDROOM,1,5,NUMERICAL
white-426,Tales from the Cryptkeeper Disc 1,LOUNGEROOM,2,1,ALPHABETICAL
white-427,Tales from the Cryptkeeper Disc 2,LOUNGEROOM,2,1,ALPHABETICAL
white-428,Count Duckula Disc 1,LOUNGEROOM,1,1,ALPHABETICAL
white-429,Count Duckula Disc 2,LOUNGEROOM,1,1,ALPHABETICAL
white-430,Count Duckula Disc 3,LOUNGEROOM,1,1,ALPHABETICAL
white-431,Count Duckula Disc 4,LOUNGEROOM,1,1,ALPHABETICAL
white-432,Count Duckula Disc 5,LOUNGEROOM,1,1,ALPHABETICAL
white-433,Count Duckula Disc 6,LOUNGEROOM,1,1,ALPHABETICAL
white-434,Count Duckula Disc 7,LOUNGEROOM,1,1,ALPHABETICAL
white-435,ABC FOR KIDS Christmas,BEDROOM,4,3,CATEGORIES
white-436,Puppy in my Pocket- Adventures in Pocketville,BEDROOM,1,5,NUMERICAL
white-437,12 Histoires pour les vacances,BEDROOM,1,5,NUMERICAL
white-438,Disney Ducktales Volume 3 Disc 1,GARAGE,TUB 2,,NUMERICAL
white-439,Disney Ducktales Volume 3 Disc 2,GARAGE,TUB 2,,NUMERICAL
white-440,Disney Ducktales Volume 3 Disc 3,,,,NUMERICAL
white-441,Adventures of the Gummi Bears Volume 1 Disc 1,LOUNGEROOM,1,TOP SHELF,ALPHABETICAL
white-442,Adventures of the Gummi Bears Volume 1 Disc 2,GARAGE,TUB 2,,NUMERICAL
white-443,Adventures of the Gummi Bears Volume 1 Disc 3,GARAGE,TUB 2,,NUMERICAL
white-444,Merry Christmas,BEDROOM,1,5,NUMERICAL
white-445,Beauty and the Beast,BEDROOM,1,5,NUMERICAL
white-446,The Hunchback of Notre Dame,BEDROOM,1,5,NUMERICAL
white-447,Pepe Le Pew,BEDROOM,4,2,CATEGORIES
white-448,Best of Tweety and Sylvester,BEDROOM,1,5,NUMERICAL
white-449,Best of Road Runner,BEDROOM,1,5,NUMERICAL
white-450,Best of Daffy and Porky,BEDROOM,1,5,NUMERICAL
white-451,Scooby Doo and the Samuari Sword,BEDROOM,1,5,NUMERICAL
white-452,Scooby Doo and the Arabian Nights,BEDROOM,1,5,NUMERICAL
white-453,Once upon a Forest,BEDROOM,1,5,NUMERICAL
white-454,Fern Gully – The Last Rainforest,GARAGE,TUB 2,,NUMERICAL
white-455,Tom and Jerry- Meet Sherlock Holmes,BEDROOM,1,5,NUMERICAL
white-456,Tom and Jerry- The Magic Ring,BEDROOM,1,5,NUMERICAL
white-457,Tom and Jerry – The Movie,BEDROOM,1,5,NUMERICAL
white-458,Fairly Odd Parents- Information Super Highway,BEDROOM,1,5,NUMERICAL
white-459,My Gym Partners A Monkey –King of the Jungle,GARAGE,TUB 2,,NUMERICAL
white-460,Juniper Lee –The Complete Season 1 Disc 1,BEDROOM,1,5,NUMERICAL
white-461,Juniper Lee –The Complete Season 1 Disc 2,BEDROOM,1,5,NUMERICAL
white-462,Codename Kids Next Door –Super Hugest Mission File 1,GARAGE,TUB 2,,NUMERICAL
white-463,Franny’s Feet- Under the Sea,,,,
white-464,The Looney Tunes show,GARAGE,TUB 2,,NUMERICAL
white-465,Looney Tunes Collection- The Best of Bugs Bunny,BEDROOM,4,2,CATEGORIES
white-466,Children’s 10 cartoon collection Disc 1,,,,
white-467,Children’s 10 cartoon collection Disc 2,,,,
white-468,Children’s 10 cartoon collection Disc 3,,,,
white-469,Children’s 10 cartoon collection Disc 4,,,,
white-470,The Jungle Book – 6 Great Adventures,,,,
white-471,Puppy in my Pocket Volume 3,BEDROOM,4,4,CATEGORIES
white-472,My Little Pony- Friendship is Magic,,,,
white-473,Scooby Doo –Mystery Incorporated,,,,
white-474,Shaun the Sheep- Prickly Heat,,,,
white-475,ABC For Kids Favorites 2.,,,,
white-476,Puppy in my Pocket Vol 1 Adventures in Pocketville,,,,
white-477,Puppy in my Pocket Vol 2 Adventures in Pocketville,,,,
white-478,Moby Dick and the Mighty Mightor Disc 1,,,,
white-479,Moby Dick and the Mighty Mightor Disc 2,,,,
white-480,Tom and Jerry Kids Show Season 1 Disc 1,LOUNGEROOM,2,2,ALPHABETICAL
white-481,Tom and Jerry Kids Show Season 1 Disc 2,LOUNGEROOM,2,2,ALPHABETICAL
white-482,A B C for Kids Story time,,,,
white-483,Tom and Jerry and the Wizard of Oz,BEDROOM,4,4,CATEGORIES
white-484,Scooby Doo Season 1 Vol 1,,,,
white-485,Scooby Doo Season 1 Vol 2,,,,
white-486,Scooby Doo Season 1 Vol 3,,,,
white-487,Big Top Scooby Doo,,,,
white-488,Scooby Doo! Where’s my Mummy?,,,,
white-489,Tom and Jerry Paws for a Holiday,,,,
white-490,Tom and Jerry The Magic Ring,,,,
white-491,"My Little Pony ‘Friendship is Magic’, ‘Friendship changes everything’",,,,
white-492,The Rescuers,BEDROOM,4,2,CATEGORIES
white-493,Dexter’s Laboratory Season 1 Disc 1,BEDROOM,4,4,CATEGORIES
white-494,Dexter’s Laboratory Season 1 Disc 2,BEDROOM,4,4,CATEGORIES
white-495,He-Man Master’s of the Universe Season 1 Disc1,LOUNGEROOM,1,2,ALPHABETICAL
white-496,He-Man Master’s of the Universe Season 1 Disc 2,LOUNGEROOM,1,2,ALPHABETICAL
white-497,He-Man Master’s of the Universe Season 1 Disc 3,LOUNGEROOM,1,2,ALPHABETICAL
white-498,He-Man Master’s of the Universe Season 1 Disc 4,LOUNGEROOM,1,2,ALPHABETICAL
white-499,He-Man Master’s of the Universe Season 1 Disc 5,LOUNGEROOM,1,2,ALPHABETICAL
white-500,He-Man Master’s of the Universe Season 1 Disc 6,LOUNGEROOM,1,2,ALPHABETICAL
white-501,Scooby Doo Mystery Incorporated Season 1 Vol 4,,,,
white-502,Scooby Doo Mystery Incorporated Season 1 Vol 5,,,,
white-503,Looney Toons ‘KoAeKuuЯ’ Best of Daffy and Porky,BEDROOM,4,2,CATEGORIES
white-504,Scooby Doo Mask of the Blue Falcon,,,,
white-505,Mulan,BEDROOM,4,1,CATEGORIES
white-506,Tom and Jerry ‘Robin and his Merry Mouse’,,,,
white-507,Cloud Babies ‘Fly Away Home’,,,,
white-508,AeZeHAama 3a CEBePHuЯ BЯmъp.,,,,
white-509,Care Bears “the Last Laugh”,,,,
white-510,Hunchback of Notre Dame,BEDROOM,4,1,CATEGORIES
white-511,Doc McStuffins “Friendship is the best Medicine’,GARAGE,TUB 2,,NUMERICAL
white-512,Go Diego Go “moonlight Rescue”,,,,
white-513,Go Diego Go “underwater mystery”,,,,
white-514,Strawberry Shortcake. Get well Adventures”,,,,
white-515,Puppy in my Pocket. Volume 7,,,,
white-516,Puppy in my Pocket. Volume 8,,,,
white-517,Tom and Jerry Classic Collection Vol 2,BEDROOM,4,2,CATEGORIES
white-518,Tom and Jerry Classic Collection Vol 4,BEDROOM,4,2,CATEGORIES
white-519,Teenage Mutant Ninja Turtles,,,,
white-520,Scooby Doo ‘Big Top’,,,,
white-521,Scooby Doo ‘Phantosaur’,,,,
white-522,Scooby Doo ‘Samurai Sword’,,,,
white-523,Scooby Doo ‘Where’s my Mummy’??,,,,
white-524,Scooby Doo ‘Arabian Nights’,,,,
white-525,Scooby Doo ‘Cyberchase’,,,,
white-526,Scooby Doo ‘Danger in the Deep,,,,
white-527,HOTEL TRANSYLVANIA,,,,
white-528,INSPECTOR GADGET saves Christmas,,,,
white-529,Scooby Doo Mystery Inc Season 1 Vol 1,,,,
white-530,Scooby Doo Mystery Inc Season 1 Vol 2,,,,
white-531,Scooby Doo Mystery Inc Season 1 Vol 3,,,,
white-532,TEENAGE MUTANT NINJA TURTLES VOL 1,LOUNGEROOM,2,1,ALPHABETICAL
white-533,Scooby Doo Mystery Incorporated DANGER IN THE DEEP DISC 1,,,,
white-534,DANGER IN THE DEEP DISC 2,,,,
white-535,TOM and JERRY CLASSIC COLLECTION Vol 1,BEDROOM,4,2,CATEGORIES
white-536,TOM and JERRY AROUND THE WORLD,,,,
white-537,Santa Claus is comin’ to town,,,,
white-538,The Little Drummer Boy,,,,
white-539,I’M A MONSTER,,,,
white-540,The SMURFS Halloween Special,,,,
white-541,Black Beauty and Call of the Wild,BEDROOM,4,1,CATEGORIES
white-542,"The Toy Shop, The Adventures of Pocahontas Indian Princess and Jungle Book",BEDROOM,4,1,CATEGORIES
white-543,The Polar Express – The Movie,,,,
white-544,The Polar Express - Special Features,,,,
white-545,"Sabrina “Friends Forever”, A Tale of Egypt and Casper The Friendly Ghost Vol 3",,,,
white-546,My Friend Rabbit – Fishing For the Moon and The Magic Voyage,,,,
white-547,"Ed, Edd ‘n’ Eddy – Complete 1st Season Disc 1",,,,
white-548,"Ed, Edd ‘n’ Eddy – Complete 1st Season Disc 2",,,,
white-549,A.B.C. BUMPER COLLECTION,,,,
white-550,The Very Best of ABC for Kids,,,,
white-551,A.B.C. for Kids – FUN in the SUN,,,,
white-552,Woody Woodpecker and friends Disc 1,GARAGE,TUB 2,,NUMERICAL
white-553,Woody Woodpecker and friends Disc 2,GARAGE,TUB 2,,NUMERICAL
white-554,Woody Woodpecker and friends Disc 3,GARAGE,TUB 2,,NUMERICAL
white-555,Frankenstein Jr and the Impossibles Disc 1,,,,
white-556,Frankenstein Jr and the Impossibles Disc 2,,,,
white-557,The Addams Family Disc 1,,,,
white-558,The Addams Family Disc 2,,,,
white-559,The Addams Family Disc 3,,,,
white-560,The Addams Family Disc 4,,,,
white-561,Captain Caveman and the Teen Angels Disc 1,GARAGE,TUB 2,,NUMERICAL
white-562,Captain Caveman and the Teen Angels Disc 2,GARAGE,TUB 2,,NUMERICAL
white-563,SESAME STREET Fairytales Pack,BEDROOM,4,4,CATEGORIES
white-564,Rupert Vol 1,GARAGE,TUB 2,,NUMERICAL
white-565,The Croods,,,,
white-566,Teenage Mutant Ninja Turtles,,,,
white-567,Kung Fu Panda -The Scorpion Sting,,,,
white-568,Pippi Longstocking,LOUNGEROOM,1,4,ALPHABETICAL
white-569,My Little Pony “Friendship to the Rescue”,,,,
white-570,Mary Poppins,,,,
white-571,Tom and Jerry “Fur flying Adventures” vol 3,,,,
white-572,Tom and Jerry “Robin Hood”,,,,
white-573,Tom and Jerry “Wizard of Oz”,,,,
white-574,Tom and Jerry “Sherlock Holmes”,,,,
white-575,Tom and Jerry “The Magic Ring”,,,,
white-576,Tom and Jerry ‘The Movie Ring’,,,,
white-577,Tom and Jerry “Blast off to Mars”,,,,
white-578,Go Diego Go “Bugs World”,,,,
white-579,Go Diego Go “Great Dinosaur Rescue”,,,,
white-580,Little Miss Shy,BEDROOM,4,3,CATEGORIES
white-581,Ratatouille,,,,
white-582,Bambi,BEDROOM,4,1,CATEGORIES
white-583,Care Bears “Grizzly Adventures”,,,,
white-584,Snack Pack Kids Favourites,,,,
white-585,Sea – Level,,,,
white-586,Top Cat “The Movie”,,,,
white-587,The Never-ending Story,LOUNGEROOM,1,4,ALPHABETICAL
white-588,Franklin Volume 1,,,,
white-589,Max and Ruby “Max’s Chocolate Chicken”,,,,
white-590,George Shrinks,,,,
white-591,Babar Disc 1,LOUNGEROOM,1,TOP SHELF,ALPHABETICAL
white-592,Babar Disc 2,LOUNGEROOM,1,TOP SHELF,ALPHABETICAL
white-593,"Pound Puppies “Puppies, puppies everywhere!”",,,,
white-594,Little Miss Naughty,BEDROOM,4,3,CATEGORIES
white-595,Mr Strong,BEDROOM,4,3,CATEGORIES
white-596,Scooby Doo Abracadabra-Doo,,,,
white-597,Scooby Doo Camp Scare,,,,
white-598,Scooby Doo and the Ghoul School,,,,
white-599,SPACE JAM,,,,
white-600,Sesame Street – Alphabet Pack,,,,
white-601,Sesame Street – Numbers Pack,,,,
white-602,Sesame Street – Singing Pack,,,,
white-603,Little Miss Chatterbox Finds Her Calling,BEDROOM,4,3,CATEGORIES
white-604,Bambaloo Volume 4 Disc 1,,,,
white-605,Bambaloo Volume 4 Disc 2,,,,
white-606,Bambaloo Volume 3 Disc 1,,,,
white-607,Bambaloo Volume 3 Disc 2,,,,
white-608,Bambaloo Volume 3 Disc 3,,,,
white-609,Barbie The Pearl Princess,,,,
white-610,Balto,,,,
white-611,Cow and Chicken Series 1 Disc 1,BEDROOM,4,4,CATEGORIES
white-612,Cow and Chicken Series 1 Disc 2,BEDROOM,4,4,CATEGORIES
white-613,Teenage Mutant Ninja Turtles “Rise of the Turtles”,GARAGE,TUB 2,,NUMERICAL
white-614,Tom and Jerry “No Mice Allowed” Disc 1,,,,
white-615,Tom and Jerry “No Mice Allowed” Disc 2,,,,
white-616,Scooby Doo Mayan Monster Mystery,,,,
white-617,The Dolphin “Story of a Dreamer”,,,,
white-618,Pinocchio 70th Anniversary Edition Disc 1,BEDROOM,4,1,CATEGORIES
white-619,Pinocchio 70th Anniversary Edition Disc 2,BEDROOM,4,1,CATEGORIES
white-620,Doozers. Meet the Pod Squad.,,,,
white-621,The Amazing World of Gumball.,GARAGE,TUB 2,,NUMERICAL
white-622,Scooby-Doo. Bad News Baby,,,,
white-623,Cat’s don’t Dance,,,,
white-624,Halloweentown and Halloweentown II,,,,
white-625,Shine On FunTime Favourites.,,,,
white-626,Peppa Pig “Santa’s Grotto and other Stories”,,,,
white-627,Yo Gabba Gabba Season 4 Volume 1,BEDROOM,4,3,CATEGORIES
white-628,Sponge Bob Square Pants Christmas!,GARAGE,TUB 2,,NUMERICAL
white-629,"Batman, The Animated series.",LOUNGEROOM,1,TOP SHELF,ALPHABETICAL
white-630,Nickelodeon “Merry Christmas”,,,,
white-631,Looney Tunes Collection ‘All Stars’ Vol 1,BEDROOM,4,4,CATEGORIES
white-632,Looney Tunes Collection ‘All Stars’ Vol 2,BEDROOM,4,4,CATEGORIES
white-633,Tarzan,BEDROOM,4,1,CATEGORIES
white-634,Bubble Guppies ‘Sunny Days’,,,,
white-635,Jake and the Neverland ‘Yo ho Mateys away’,GARAGE,TUB 2,,NUMERICAL
white-636,Scooby Doo and the Pirates,,,,
white-637,What’s new Scooby Doo ? Volume 5,,,,
white-638,Dora in Wonderland,,,,
white-639,Tom and Jerry’s Greatest Chases Volume 2,,,,
white-640,Casper’s Scare School season 1,GARAGE,TUB 2,,NUMERICAL
white-641,Looney Tunes Collection. Best of Bugs Bunny,BEDROOM,4,2,CATEGORIES
white-642,Disney “Winnie the Pooh”,,,,
white-643,Curious George ‘Swing into Spring’,,,,
white-644,PAW Patrol,,,,
white-645,Dolphin Tales 2,,,,
white-646,Holly’s Magic Wand,,,,
white-647,SPIDER_MAN Disc 1,GARAGE,TUB 2,,NUMERICAL
white-648,SPIDER_MAN Disc 2,GARAGE,TUB 2,,NUMERICAL
white-649,Little Miss Bossy has a busy Day,BEDROOM,4,3,CATEGORIES
white-650,Walt Disney ‘Fun and Fancy Free’,BEDROOM,4,3,CATEGORIES
white-651,Hercules,,,,
white-652,Sesame Street ‘Elmo’s Super Numbers’,,,,
white-653,Patrick Squarepants,,,,
white-654,DORA and FRIENDS,,,,
white-655,ATTACK OF THE ERASER,,,,
white-656,THE THREE MUSKETEERS,,,,
white-657,MULAN,,,,
white-658,TOM SAWYER,,,,
white-659,PAW PATROL ‘Marshall and Chase ON THE CASE,,,,
white-660,Dr. JEKYLL AND MR. HYDE,,,,
white-661,DORA and friends ‘DOGGIE DAY,,,,
white-662,MR BEAN Number 1,,,,
white-663,LITTLE BEAR MOVIE,,,,
white-664,THE BERENSTAIN BEARS,,,,
white-665,THUMBELINA,BEDROOM,4,3,CATEGORIES
white-666,BEST of BUGS BUNNY Volume 3,BEDROOM,4,2,CATEGORIES
white-667,The Tom and Jerry Show,GARAGE,TUB 2,,NUMERICAL
white-668,Henry The Huggle Monster,GARAGE,TUB 2,,NUMERICAL
white-669,Adventure Time “Finn The Human”,,,,
white-670,The Rescuers,,,,
white-671,The Rescuers Down Under,,,,
white-672,TOY STORY,BEDROOM,4,1,CATEGORIES
white-673,READY for SCHOOL,,,,
white-674,SESAME STREET Fairy Tale Fun,,,,
white-675,TOM and JERRY Santa’s Little Helpers,,,,
white-676,The WILD Thornberry’s MOVIE,,,,
white-677,Shaun the Sheep MOVIE,,,,
white-678,A CHRISTMAS CAROL,,,,
white-679,"CELEBRATE CHRISTMAS with MICKEY, DONALD and FRIENDS",,,,
white-680,Shaun the Sheep “The Looney Tic”,,,,
white-681,A very Nickelodeon Christmas,,,,
white-682,The Snowman and the Snowdog,,,,
white-683,Inside Out,,,,
white-684,"Milly, Molly Animal Friends",,,,
white-685,Spongebob Squarepants,GARAGE,TUB 2,,NUMERICAL
white-686,Spongebob Squarepants,GARAGE,TUB 2,,NUMERICAL
white-687,Spongebob Squarepants,GARAGE,TUB 2,,NUMERICAL
white-688,Tangled,GARAGE,TUB 2,,NUMERICAL
white-689,Snow White,BEDROOM,4,1,CATEGORIES
white-690,Snow White (Special features),,,,
white-691,“DUCKTALES” the movie TREASURE of the LOST LAMP,GARAGE,TUB 3,,NUMERICAL
white-692,‘TOM and JERRY’ SPY QUEST Original Movie,,,,
white-693,INSPECTOR GADGET Season 1 Volume 4,,,,
white-694,SCOOBY-DOO! WRESTLE MANIA MYSTERY Original Movie,,,,
white-695,Dot and the Whale,,,,
white-696,The Day My Butt Went Psycho,,,,
white-697,Charlottes Web,,,,
white-698,Noddy and the Magical Moondust,,,,
white-699,"Shaun the Sheep, ‘Farmers Llamas’",,,,
white-700,Jake and the Peter Pan Pirates “Peter Pan Returns”,,,,
white-701,An Extremely Goofy Movie,,,,
white-702,Pound Puppies,,,,
white-703,Boy on a Dolphin,,,,
white-704,Ben and Holly”s Little Kingdom “Gaston’s Visit”,,,,
white-705,PAW PATROL ‘Meet Everest’,,,,
white-706,DORA and Friends ‘Feel the Music’,,,,
white-707,My Little Pony –Friendship is Magic,,,,
white-708,The House of Magic,,,,
white-709,Tom and Jerry- Hijinks and Shrieks,,,,
white-710,Albert,,,,
white-711,Tom and Jerry Tales Volume 1,,,,
white-712,Tom and Jerry ‘Follow that Duck’,,,,
white-713,Looney Tunes Season 1 Volume 1,,,,
white-714,Looney Tunes Season 1 Volume 2,,,,
white-715,Looney Tunes Season 1 Volume 3,,,,
white-716,Looney Tunes Show Season 1 Volume 1,,,,
white-717,Looney Tunes Show Season 1 Volume 2,,,,
white-718,Looney Tunes Show Season 1 Volume 3,,,,
white-719,Looney Tunes Show Season 1 Volume 4,,,,
white-720,Looney Tunes Show Season 1 Volume 5,,,,
white-721,Elmo The Musical,,,,
white-722,WONDER TOONS Volume 3,,,,
white-723,WONDER TOONS Volume 1,,,,
white-724,Looney Tunes Collection Best of Tweety and Sylvester Volume 1,BEDROOM,4,2,CATEGORIES
white-725,The Dick Tracey Show Disc 1,,,,
white-726,The Dick Tracey Show Disc 2,,,,
white-727,The Dick Tracey Show Disc 3,,,,
white-728,The Dick Tracey Show Disc 4,,,,
white-729,TEENAGE MUTANT NINJA TURTLE ‘Beyond the Known Universe’,,,,
white-730,"PAW PATROL Brave Heroes, Big Rescues",,,,
white-731,Tom and Jerry Blast Off to Mars,,,,
white-732,Pups and the Pirate Treasure,,,,
white-733,Tom and Jerry Robin Hood and his Merry Mouse,,,,
white-734,Tom and Jerry Tricks and Treats,,,,
white-735,Descendants,BEDROOM,4,4,CATEGORIES
white-736,THE BFG ‘Big Friendly Giant’,,,,
white-737,Champions,,,,
white-738,The Mighty Ducks,,,,
white-739,D3 The Mighty Ducks,,,,
white-740,90’s Fan Faves 2,,,,
white-741,Alvinnn!!! And the Chipmunks Were the Chipmunks,GARAGE,TUB 3,,NUMERICAL
white-742,"DOOZERS Design, Create, Innovate",,,,
white-743,Pete’s Dragon,GARAGE,TUB 3,,NUMERICAL
white-744,The Jungle Book,,,,
white-745,Guess with Jess,,,,
white-746,Curious George ‘Fun with Friends’,,,,
white-747,Mickey’s Christmas Carol,BEDROOM,4,3,CATEGORIES
white-748,Giggle and Hoot ‘FRIGHTFUL FUN’,,,,
white-749,THE MUPPETS TAKE MANHATTEN,BEDROOM,4,3,CATEGORIES
white-750,Maisy Bedtime and other stories,,,,
white-751,Abc Kids ‘Ready Steady Go’,,,,
white-752,Curious George,,,,
white-753,Curious George,,,,
white-754,Curious George,,,,
white-755,Garfield the cat- Against all Tides,,,,
white-756,Aladdin and Pinocchio,BEDROOM,4,2,CATEGORIES
white-757,The Three Musketeers,BEDROOM,4,2,CATEGORIES
white-758,Pinocchio and Aladdin,,,,
white-759,The Jetsons Season 1 Volume 3,,,,
white-760,The Aristocats,,,,
white-761,Robin Hood / The three Musketeers,,,,
white-762,Paw Patrol – Pups save Christmas,,,,
white-763,TOM and JERRY Tough and Tumble,,,,
white-764,"BAH, HUMDUCK! A Looney Tunes Christmas",,,,
white-765,Tom and Jerry – Classic Collection Vol 8,,,,
white-766,Tom and Jerry –Greatest Collection Vol 12,,,,
white-767,The Fox and The Hound,BEDROOM,4,1,CATEGORIES
white-768,"Justice League, The Brave and the Bold",,,,
white-769,Scooby Doo! 13 Spooky Tales For the Love of Snack Disc 1,,,,
white-770,Scooby Doo! 13 Spooky Tales For the Love of Snack Disc 2,,,,
white-771,"My Little Pony, Friendship is Magic",,,,
white-772,Finley the Fire Engine,,,,
white-773,Popeye and Friends Volume 1,,,,
white-774,"Tom and Jerry, Whiskers Away",,,,
white-775,"My Little Pony, The Cutie Map",,,,
white-776,LITTLE RED RIDING HOOD,BEDROOM,4,2,CATEGORIES
white-777,POPEYE The Sailor. 24 Classic Cartoons,,,,
white-778,The Day Henry Met ….A Whale,,,,
white-779,The Emporer’s New Groove,,,,
white-780,The DEEP- Legends and Lost Worlds,,,,
white-781,The Wizard of OZ- Snow White and the Seven Dwarfs,BEDROOM,4,2,CATEGORIES
white-782,PETER PAN,GARAGE,TUB 3,,NUMERICAL
white-783,TARZAN OF THE APES,BEDROOM,4,2,CATEGORIES
white-784,Dinosaur,,,,
white-785,Curious George- Outdoor adventures,,,,
white-786,The Bugs Bunny Road Runner Movie,,,,
white-787,Shaun the Sheep – Happy Farmers Day,,,,
white-788,The Adventures of Ichabod and Mr. Toad,BEDROOM,4,1,CATEGORIES
white-789,Fantasia 2000,BEDROOM,4,4,CATEGORIES
white-790,The Emperor's New Clothes,,,,
white-791,Cartoon Festival Vol. 8,,,,
white-792,Curious George The complete 8th season,,,,
white-793,Dragons Defenders of Berk Part 1 Disc 1,,,,
white-794,Dragons Defenders of Berk Part 1 Disc 2,,,,
white-795,Scooby Doo season 1 volume 1 disc 1,,,,
white-796,Scooby Doo season 1 volume 1 disc 2,,,,
white-797,The Very Hungry Caterpillar,,,,
white-798,Oliver and Company,,,,
white-799,Charlie and Chalk Volume 2,,,,
white-800,The Forgotten Toys,GARAGE,TUB 3,,NUMERICAL
white-801,The Biggest ever Popeye DVD,,,,
white-802,101 Dalmatians Disc One,,,,
white-803,101 Dalmatians Disc Two,,,,
white-804,The Aristocats,BEDROOM,4,1,CATEGORIES
white-805,Count on Elmo,,,,
white-806,Yo Gabba Gabba ‘circus’,,,,
white-807,Cartoon Network ‘Halloween’,,,,
white-808,Cartoon Classics volume 2,,,,
white-809,Basil the Great Mouse Detective,BEDROOM,4,1,CATEGORIES
white-810,Oliver and Company,,,,
white-811,Lady and the Tramp,,,,
white-812,The Wubbulous World of Dr Seuss Vol 3,,,,
white-813,I love you Mum,,,,
white-814,Scamper the Penguin,,,,
white-815,Paz,,,,
white-816,Save the Wonder Pets,,,,
white-817,Black Beauty,,,,
white-818,Buzz and Poppy,,,,
white-819,Casper the Friendly Ghost and Friends,,,,
white-820,The Stuart Little Collection No 1,,,,
white-821,The Stuart Little Collection No 2,,,,
white-822,The Stuart Little Collection No 3,,,,
white-823,The Lion King 3,,,,
white-824,Rugrats Go Wild,,,,
white-825,The Mermaid Princess,,,,
white-826,Garfield the Cat ‘Bewitched’,,,,
white-827,Ben 10,,,,
white-828,Duckula Vampire Vacation,,,,
white-829,Abominable Christmas,,,,
white-830,The Iron Giant,,,,
white-831,Sinbad Legend of the Seven Seas,BEDROOM,4,3,CATEGORIES
white-832,TOY STORY 2,,,,
white-833,PJ MASKS TIME TO BE A HERO,,,,
white-834,PAW PATROL SPOOKY ADVENTURES,,,,
white-835,Peppa Pig Christmas Show,,,,
white-836,Peppa Pig Santa” Grotto and other stories,,,,
white-837,Tom and Jerry Willy Wonka and the Chocolate Factory,,,,
white-838,The Spongebob SQUAREPANTS MOVIE,,,,
white-839,JOSHUA JONES,BEDROOM,4,4,CATEGORIES
white-840,Maisy Animals,BEDROOM,4,3,CATEGORIES
white-841,CARTOON FESTIVAL VOL 1,,,,
white-842,DASTARDLY & MUTTLEY VOL 1,BEDROOM,4,4,CATEGORIES
white-843,DASTARDLY & MUTTLEY VOL 2,BEDROOM,4,4,CATEGORIES
white-844,TOPCAT VOL 1,BEDROOM,4,4,CATEGORIES
white-845,HONG KONG PHOOEY VOL 1,BEDROOM,4,4,CATEGORIES
white-846,PENELOPE PITSTOP VOL 1,BEDROOM,4,4,CATEGORIES
white-847,JUSTICE LEAGUE VOL 1,,,,
white-848,My Little Pony JUST FOR KIDS,GARAGE,TUB 3,,NUMERICAL
white-849,My Little Pony THE CRYSTAL EMPIRE,,,,
white-850,SONG OF THE SEA,,,,
white-851,DEEP SEA VOYAGE,,,,
white-852,FINDING DORY,,,,
white-853,Adventures of the RED PLANE,,,,
white-854,DUCKTALES Volume 1,,,,
white-855,DUCKTALES Volume 2,,,,
white-856,DUCKTALES Volume 3,,,,
white-857,A TROLL IN CENTRAL PARK,BEDROOM,4,3,CATEGORIES
white-858,Rock A Doodle,,,,
white-859,Geronimo Stilton Vol 2,BEDROOM,4,3,CATEGORIES
white-860,Yo Gabba Gabba Season 4 Vol 2,BEDROOM,4,3,CATEGORIES
white-861,Tale Spin Vol 1 Disc 1,LOUNGEROOM,2,1,ALPHABETICAL
white-862,Tale Spin Vol 1 Disc 2,LOUNGEROOM,2,1,ALPHABETICAL
white-863,Tale Spin Vol 1 Disc 3,LOUNGEROOM,2,1,ALPHABETICAL
white-864,Dark Wing Duck Vol 1 Disc 1,LOUNGEROOM,1,1,ALPHABETICAL
white-865,Dark Wing Duck Vol 1 Disc 2,LOUNGEROOM,1,1,ALPHABETICAL
white-866,Dark Wing Duck Vol 1 Disc 3,LOUNGEROOM,1,1,ALPHABETICAL
white-867,The Three Caballeros,BEDROOM,4,4,CATEGORIES
white-868,SHREK,,,,
white-869,ADVENTURE TIME,GARAGE,TUB 3,,NUMERICAL
white-870,REGULAR SHOW,GARAGE,TUB 3,,NUMERICAL
white-871,Franny”s Feet,,,,
white-872,PAW PATROL SEA PATROL,,,,
white-873,Blinky Bill BLINKY TO THE RESCUE,GARAGE,TUB 3,,NUMERICAL
white-874,Back at the BARNYARD Disc 1,,,,
white-875,Back at the BARNYARD Disc 2,,,,
white-876,BEN 10 ULTIMATE ALIEN collection 4,,,,
white-877,Sesame Street FairyTale Fun!,,,,
white-878,House of Mouse and Bonkers,,,,
white-879,Albert the 5th Musketeer,,,,
white-880,Widget the World Watcher,,,,
white-881,Where’s Wally?,,,,
white-882,"Mike, Lu & Og",,,,
white-883,Funny Bone and Ned’s Newt,,,,
white-884,Around the World with TIMON and PUMBAA,GARAGE,TUB 3,,NUMERICAL
white-885,On Holiday with TIMON and PUMBAA,GARAGE,TUB 3,,NUMERICAL
white-886,Dining Out with TIMON,GARAGE,TUB 3,,NUMERICAL
white-887,Rusty Rivets,,,,
white-888,Whale of a Birthday…. SpongeBob Squarepants,,,,
white-889,I’m Not Oscar’s friend Anymore,,,,
white-890,The 3 Stooges Vol 1,,,,
white-891,Jack and the Beanstalk Jungle Book,,,,
white-892,KRYPTO the SUPERDOG,,,,
white-893,Ultimate Retro Cartoon 80 -90 Intro’s part 6 part 9 part 11 part 12,,,,
white-894,Barbie Dolphin Magic,,,,
white-895,THUNDERCATS disc 1,,,,
white-896,THUNDERCATS disc 2,,,,
white-897,CONAN THE BARBARIAN,,,,
white-898,Blinky Bill The Escape and other Wild Tales,,,,
white-899,SUPERHERO GIRLS,,,,
white-900,MIGHTY MOUSE disc 1,LOUNGEROOM,1,3,ALPHABETICAL
white-901,MIGHTY MOUSE disc 2,LOUNGEROOM,1,3,ALPHABETICAL
white-902,MIGHTY MOUSE disc 3,LOUNGEROOM,1,3,ALPHABETICAL
white-903,WOODY WOODPECKER plus MIGHTY MOUSE,BEDROOM,4,3,CATEGORIES
white-904,DRAGONBALL Z Season Six disc 1,GARAGE,TUB 3,,NUMERICAL
white-905,DRAGONBALL Z Season Six disc 2,GARAGE,TUB 3,,NUMERICAL
white-906,DRAGONBALL Z Season Six disc 2,GARAGE,TUB 3,,NUMERICAL
white-907,DRAGONBALL Z Season Six disc 4,GARAGE,TUB 3,,NUMERICAL
white-908,DRAGONBALL Z Season Six disc 5,GARAGE,TUB 3,,NUMERICAL
white-909,DRAGONBALL Z Season Six disc 6,GARAGE,TUB 3,,NUMERICAL
white-910,HONG KONG PHOOEY Vol 2,,,,
white-911,THE PERILS OF PENELOPE PITSTOP vol 1,,,,
white-912,Care Bears Making Friends,,,,
white-913,IRONMAN RISE OF TECHNOVORE,,,,
white-914,AVENGERS CONFIDENTIAL,,,,
white-915,THOR,,,,
white-916,Peppa’s Australian Holiday,,,,
white-917,Bananaman Series One,LOUNGEROOM,1,TOP SHELF,ALPHABETICAL
white-918,Bananaman Series Two,LOUNGEROOM,1,TOP SHELF,ALPHABETICAL
white-919,Bananaman Series Three,LOUNGEROOM,1,TOP SHELF,ALPHABETICAL
white-920,Rio 2,,,,
white-921,Epic,,,,
white-922,Snoopy and Charlie Brown,,,,
white-923,Adventures of Galaxy Rangers Vol 2 disc 5,GARAGE,TUB 3,,
white-924,Adventures of Galaxy Rangers Vol 2 disc 6,GARAGE,TUB 3,,NUMERICAL
white-925,Adventures of Galaxy Rangers Vol 2 disc 7,GARAGE,TUB 3,,NUMERICAL
white-926,Adventures of Galaxy Rangers Vol 2 disc 8,GARAGE,TUB 3,,NUMERICAL
white-927,Adventures of Sonic the Hedgehog disc 1,LOUNGEROOM,1,TOP SHELF,ALPHABETICAL
white-928,Adventures of Sonic the Hedgehog disc 2,LOUNGEROOM,1,TOP SHELF,ALPHABETICAL
white-929,Adventures of Sonic the Hedgehog disc 3,LOUNGEROOM,1,TOP SHELF,ALPHABETICAL
white-930,Adventures of Sonic the Hedgehog disc 4,LOUNGEROOM,1,TOP SHELF,ALPHABETICAL
white-931,Adventures of Sonic the Hedgehog disc 5,LOUNGEROOM,1,TOP SHELF,ALPHABETICAL
white-932,Adventures of Sonic the Hedgehog disc 6,LOUNGEROOM,1,TOP SHELF,ALPHABETICAL
white-933,Adventures of Sonic the Hedgehog disc 7,LOUNGEROOM,1,TOP SHELF,ALPHABETICAL
white-934,Camelot,BEDROOM,4,2,CATEGORIES
white-935,Cartoon Collection,BEDROOM,4,3,CATEGORIES
white-936,Popeye and Friends Volume 1,BEDROOM,4,3,CATEGORIES
white-937,Mr BUMP goes on a trip,BEDROOM,4,3,CATEGORIES
white-938,TAZ-MANIA Disc 1,LOUNGEROOM,2,1,ALPHABETICAL
white-939,TAZ-MANIA Disc 2,LOUNGEROOM,2,1,ALPHABETICAL
white-940,ANIMANIACS Disc 1,LOUNGEROOM,1,TOP SHELF,ALPHABETICAL
white-941,ANIMANIACS Disc 2,LOUNGEROOM,1,TOP SHELF,ALPHABETICAL
white-942,ANIMANIACS Disc 3,LOUNGEROOM,1,TOP SHELF,ALPHABETICAL
white-943,ANIMANIACS Disc 4,LOUNGEROOM,1,TOP SHELF,ALPHABETICAL
white-944,ANIMANIACS Disc 5,LOUNGEROOM,1,TOP SHELF,ALPHABETICAL
white-945,DUCK DODGERS Disc 1,,,,
white-946,DUCK DODGERS Disc 2,,,,
white-947,PINKY and THE BRAIN VOLUME 2 Disc 1,LOUNGEROOM,1,4,ALPHABETICAL
white-948,PINKY and THE BRAIN VOLUME 2 Disc 2,LOUNGEROOM,1,4,ALPHABETICAL
white-949,PINKY and THE BRAIN VOLUME 2 Disc 3,LOUNGEROOM,1,4,ALPHABETICAL
white-950,PINKY and THE BRAIN VOLUME 2 Disc 4,LOUNGEROOM,1,4,ALPHABETICAL
white-951,TINY TOON Adventures Disc 1,LOUNGEROOM,2,2,ALPHABETICAL
white-952,TINY TOON Adventures Disc 2,LOUNGEROOM,2,2,ALPHABETICAL
white-953,TINY TOON Adventures Disc 3,LOUNGEROOM,2,2,ALPHABETICAL
white-954,TINY TOON Adventures Disc 4,LOUNGEROOM,2,2,ALPHABETICAL
white-955,FREAKAZOID Disc 1,LOUNGEROOM,1,2,ALPHABETICAL
white-956,FREAKAZOID Disc 2,LOUNGEROOM,1,2,ALPHABETICAL
white-957,TOON TIME VOL 1,BEDROOM,4,3,CATEGORIES
white-958,GORDON the Garden GNOME,,,,
white-959,ALICE IN WONDERLAND,GARAGE,TUB 3,,NUMERICAL
white-960,Pinocchio and Aladdin,,,,
white-961,MADELINE,,,,
white-962,All Dogs Go To Heaven,,,,
white-963,WHERE THE WILD THINGS ARE,,,,
white-964,Rock a Doodle,,,,
white-965,ANNABELLE’S WISH,,,,
white-966,AVENGERS THORS LAST STAND,,,,
white-967,SHERLOCK GNOMES,,,,
white-968,THE SECRET OF THE HUNCHBACK,,,,
white-969,"DISC 1 BLACK BEAUTY, ROBIN HOOD, WIND IN THE WILLOWS",,,,
white-970,"DISC 2 BEAUTY AND THE BEAST, PUSS IN BOOTS, CINDERELLA",,,,
white-971,"DISC 3 HANSEL AND GRETEL, MULAN",,,,
white-972,"DISC 4 THE LITTLE MERMAID, GOLDILOCKS AND THE 3 BEARS",,,,
white-973,"ANIMATED TALES OF HANS CHRISTIAN ANDERSEN, JACK THE FOOL, THE GOLDEN TREASURE, THE OLD STREET LAMP, THE LOVERS",,,,
white-974,EASTER IN BUNNYLAND,,,,
white-975,"THE ANIMATED TALES OF HANS CHRISTIAN ANDERSEN, THE SWINEHERD, THE TRAVELLING COMPANION, THE JUMPER, THE SNOWMAN",,,,
white-976,"THE ANIMATED TALES OF HANS CHRISTIAN ANDERSEN, THE GALOSHES OF FORTUNE, THE SAUSAGE PEG SOUP, THE GARDENER AND THE FAMILY",,,,
white-977,"THE ANIMATED TALES OF HANS CHRISTIAN ANDERSEN, IT’S QUITE TRUE, SHUTEYE, THE BEETLE, THE BOTTLE NECK",,,,
white-978,INSPECTOR GADGET,,,,
white-979,THE MAN IN THE IRON MASK,GARAGE,TUB 3,,NUMERICAL
white-980,ROB ROY,GARAGE,TUB 3,,NUMERICAL
white-981,Anastasia,,,,
white-982,TOM and JERRY CLASSIC COLLECTION vol 1,,,,
white-983,Oliver And COMPANY,,,,
white-984,THE Underdog SHOW Col 4 Vol 1-13,,,,
white-985,THE Underdog SHOW Col 4 Vol 1-14,,,,
white-986,THE Underdog SHOW Col 4 Vol 1-15,,,,
white-987,The Magic of the Faraway Tree,GARAGE,TUB 3,,NUMERICAL
white-988,Nella THE PRINCESS KNIGHT ROYAL QUESTS,,,,
white-989,RISE OF THE TEENAGE MUTANT NINJA TURTLES,,,,
white-990,The WILD Thornberry’s Call of the Wild,,,,
white-991,THE MAGIC ROUNDABOUT Dougal’s Darling,,,,
white-992,THE MAGIC ROUNDABOUT The Wishing Tree,,,,
white-993,FRANKENSTEIN,,,,
white-994,CARTOON CLASSICS VOL 3,,,,
white-995,CARTOON CLASSICS VOL 4,,,,
white-996,PORKY PIG and FRIENDS VOL 2,,,,
white-997,Tom and Jerry the Lost Dragon,,,,
white-998,MICKEY’S MAGICAL CHRISTMAS,,,,
white-999,DUMBO,,,,
green-1,CAT DOG VOLUME 1. Season 1. Disc 1.,GARAGE,TUB 4,,NUMERICAL
green-2,CAT DOG VOLUME 1. Season 1. Disc 2.,GARAGE,TUB 4,,NUMERICAL
green-3,CAT DOG VOLUME 1. Season 1. Disc 3.,GARAGE,TUB 4,,NUMERICAL
green-4,CAT DOG VOLUME 1. Season 1. Disc 4.,GARAGE,TUB 4,,NUMERICAL
green-5,CAT DOG VOLUME 1. Season 2. Disc 1.,GARAGE,TUB 4,,NUMERICAL
green-6,CAT DOG VOLUME 1. Season 2. Disc 2.,GARAGE,TUB 4,,NUMERICAL
green-7,CAT DOG VOLUME 2. Season 2. Disc 3.,BEDROOM,4,2,CATEGORIES
green-8,CAT DOG VOLUME 2. Season 2. Disc 4.,BEDROOM,4,2,CATEGORIES
green-9,CAT DOG VOLUME 2. Season 3. Disc 1.,BEDROOM,4,2,CATEGORIES
green-10,CAT DOG VOLUME 2. Season 3. Disc 2.,BEDROOM,4,2,CATEGORIES
green-11,CAT DOG VOLUME 2. Season 3. Disc 3.,BEDROOM,4,2,CATEGORIES
green-12,REN & STIMPY VOLUME 1,BEDROOM,4,3,CATEGORIES
green-13,Season 1 & 2 Disc 2,BEDROOM,4,3,CATEGORIES
green-14,Season 1 & 2 Disc 3,BEDROOM,4,3,CATEGORIES
green-15,REN & STIMPY VOLUME 1,BEDROOM,4,3,CATEGORIES
green-16,Season 3 & Half-ish Disc 2.,BEDROOM,4,3,CATEGORIES
green-17,Season 3 & Half-ish Disc 3.,BEDROOM,4,3,CATEGORIES
green-18,REN & STIMPY VOLUME 2,BEDROOM,4,4,CATEGORIES
green-19,Season 5 & Some more of 4 Disc 2,BEDROOM,4,4,CATEGORIES
green-20,Season 5 & Some more of 4 Disc 3,BEDROOM,4,4,CATEGORIES
green-21,REN & STIMPY VOLUME,BEDROOM,4,4,CATEGORIES
green-22,The Lost Episodes Disc 2.,BEDROOM,4,4,CATEGORIES
green-23,The MR MAGOO Show Disc 1,GARAGE,TUB 4,,NUMERICAL
green-24,The MR MAGOO Show Disc 2,GARAGE,TUB 4,,NUMERICAL
green-25,The MR MAGOO Show Disc 3,GARAGE,TUB 4,,NUMERICAL
green-26,The MR MAGOO Show Disc 4,GARAGE,TUB 4,,NUMERICAL
green-27,OVER the GARDEN WALL,GARAGE,TUB 4,,NUMERICAL
green-28,STICK MAN,,,,
green-29,BLUEY - Grannies and Other Stories VOL 4,,,,
green-30,ROGER RAMJET - HERO of our NATION CLASSIC COLLECTION; Disc 1,,,,
green-31,ROGER RAMJET - HERO of our NATION CLASSIC COLLECTION; Disc 2,,,,
green-32,Adventures on the RED PLANE,,,,
green-33,Dining Out with TIMON AND PUMBAA,,,,
green-34,The Underdog Show Disc 1,,,,
green-35,The Underdog Show Disc 2,,,,
green-36,The Underdog Show Disc 3,,,,
green-37,The Underdog Show Disc 4,,,,
green-38,The Underdog Show Disc 1,,,,
green-39,The Underdog Show Disc 2,,,,
green-40,The Underdog Show Disc 3,,,,
green-41,THUNDARR The BARBARIAN Disc 1,LOUNGEROOM,2,1,ALPHABETICAL
green-42,THUNDARR The BARBARIAN Disc 2,LOUNGEROOM,2,1,ALPHABETICAL
green-43,THUNDARR The BARBARIAN Disc 3,LOUNGEROOM,2,1,ALPHABETICAL
green-44,THUNDARR The BARBARIAN Disc 4,LOUNGEROOM,2,1,ALPHABETICAL
green-45,PAC-MAN Disc 1,LOUNGEROOM,1,4,ALPHABETICAL
green-46,PAC-MAN Disc 2,LOUNGEROOM,1,4,ALPHABETICAL
green-47,Wheelie and the Chopper Bunch Disc 1,BEDROOM,4,2,CATEGORIES
green-48,Wheelie and the Chopper Bunch Disc 2,BEDROOM,4,2,CATEGORIES
green-49,Wheelie and the Chopper Bunch Disc 3,BEDROOM,4,2,CATEGORIES
green-50,EARTHWORM JIM Disc 1,LOUNGEROOM,1,2,ALPHABETICAL
green-51,EARTHWORM JIM Disc 2,LOUNGEROOM,1,2,ALPHABETICAL
green-52,EARTHWORM JIM Disc 3,LOUNGEROOM,1,2,ALPHABETICAL
green-53,BLACK DYNAMITE Disc 1,,,,
green-54,BLACK DYNAMITE Disc 2,,,,
green-55,SWAT KATS THE RADICAL SQUADRON,LOUNGEROOM,2,1,ALPHABETICAL
green-56,SWAT KATS THE RADICAL SQUADRON,LOUNGEROOM,2,1,ALPHABETICAL
green-57,SWAT KATS THE RADICAL SQUADRON,LOUNGEROOM,2,1,ALPHABETICAL
green-58,SWAT KATS THE RADICAL SQUADRON,LOUNGEROOM,2,1,ALPHABETICAL
green-59,SWAT KATS THE RADICAL SQUADRON,LOUNGEROOM,2,1,ALPHABETICAL
green-60,LOOPY DELOOP Disc 1,,,,
green-61,LOOPY DELOOP Disc 2,,,,
green-62,JABBERJAW Disc 1,BEDROOM,4,3,CATEGORIES
green-63,JABBERJAW Disc 2,BEDROOM,4,3,CATEGORIES
green-64,JABBERJAW Disc 3,BEDROOM,4,3,CATEGORIES
green-65,JABBERJAW Disc 4,BEDROOM,4,3,CATEGORIES
green-66,Shirt Tales Disc 1,LOUNGEROOM,2,1,ALPHABETICAL
green-67,Shirt Tales Disc 2,LOUNGEROOM,2,1,ALPHABETICAL
green-68,Shirt Tales Disc 3,LOUNGEROOM,2,1,ALPHABETICAL
green-69,BUNNICULA Disc 1,,,,
green-70,BUNNICULA Disc 2,,,,
green-71,ROCKO’S MODERN LIFE Disc 1,BEDROOM,4,2,CATEGORIES
green-72,ROCKO’S MODERN LIFE Disc 2,BEDROOM,4,2,CATEGORIES
green-73,ROCKO’S MODERN LIFE Disc 3,BEDROOM,4,2,CATEGORIES
green-74,ROCKO’S MODERN LIFE Disc 4,BEDROOM,4,2,CATEGORIES
green-75,ROCKO’S MODERN LIFE Disc 1,BEDROOM,4,2,CATEGORIES
green-76,ROCKO’S MODERN LIFE Disc 2,BEDROOM,4,2,CATEGORIES
green-77,ROCKO’S MODERN LIFE Disc 3,BEDROOM,4,2,CATEGORIES
green-78,ROCKO’S MODERN LIFE Disc 4,BEDROOM,4,2,CATEGORIES
green-79,MAGILLA GORILLA Disc 1,GARAGE,TUB 4,,NUMERICAL
green-80,MAGILLA GORILLA Disc 2,GARAGE,TUB 4,,NUMERICAL
green-81,MAGILLA GORILLA Disc 3,GARAGE,TUB 4,,NUMERICAL
green-82,HONG KONG PHOOEY Disc 1,,,,
green-83,HONG KONG PHOOEY Disc 2,,,,
green-84,The SCOOBY-DOO! DYNOMUTT HOUR,GARAGE,TUB 4,,NUMERICAL
green-85,The SCOOBY-DOO! DYNOMUTT HOUR,GARAGE,TUB 4,,NUMERICAL
green-86,The SCOOBY-DOO! DYNOMUTT HOUR,GARAGE,TUB 4,,NUMERICAL
green-87,The SCOOBY-DOO! DYNOMUTT HOUR,GARAGE,TUB 4,,NUMERICAL
green-88,JUSTICE LEAGUE Disc 1,,,,
green-89,JUSTICE LEAGUE Disc 2,,,,
green-90,JUSTICE LEAGUE Disc 3,,,,
green-91,JUSTICE LEAGUE Disc 4,,,,
green-92,THE HUCKLEBERRY HOUND SHOW Disc 1,,,,
green-93,THE HUCKLEBERRY HOUND SHOW Disc 2,,,,
green-94,THE HUCKLEBERRY HOUND SHOW Disc 3,,,,
green-95,HARVEYTOONS Disc 1,GARAGE,TUB 4,,NUMERICAL
green-96,HARVEYTOONS Disc 2,GARAGE,TUB 4,,NUMERICAL
green-97,HARVEYTOONS Disc 3,GARAGE,TUB 4,,NUMERICAL
green-98,HARVEYTOONS Disc 4,GARAGE,TUB 4,,NUMERICAL
green-99,HARVEYTOON VOL 2  Disc 1,GARAGE,TUB 4,,NUMERICAL
green-100,HARVEYTOONS Disc 2,GARAGE,TUB 4,,NUMERICAL
green-101,HARVEYTOONS Disc 3,GARAGE,TUB 4,,NUMERICAL
green-102,HARVEYTOONS Disc 4,GARAGE,TUB 4,,NUMERICAL
green-103,STREET FIGHTER ALPHA Disc 1,,,,
green-104,IRON MAN Disc 1,,,,
green-105,IRON MAN Disc 2,,,,
green-106,IRON MAN Disc 3,,,,
green-107,IRON MAN Disc 4,,,,
green-108,25 YEARS Disc 1,,,,
green-109,25 YEARS Disc 2,,,,
green-110,25 YEARS Disc 3,,,,
green-111,FANSHAW & CRUDNUT Disc 1,,,,
green-112,IRON MAN Disc 1,,,,
green-113,DUCKMAN Disc 1,GARAGE,TUB 4,,NUMERICAL
green-114,DUCKMAN Disc 2,GARAGE,TUB 4,,NUMERICAL
green-115,DUCKMAN Disc 3,GARAGE,TUB 4,,NUMERICAL
green-116,DUCKMAN Disc 4,GARAGE,TUB 4,,NUMERICAL
green-117,DUCKMAN Disc 5,GARAGE,TUB 4,,NUMERICAL
green-118,DUCKMAN Disc 6,GARAGE,TUB 4,,NUMERICAL
green-119,DUCKMAN Disc 7,GARAGE,TUB 4,,NUMERICAL
green-120,DUCKMAN Disc 8,GARAGE,TUB 4,,NUMERICAL
green-121,DUCKMAN Disc 9,GARAGE,TUB 4,,NUMERICAL
green-122,DUCKMAN Disc 10,GARAGE,TUB 4,,NUMERICAL
green-123,AVENGERS CONFIDENTIAL Disc 1,,,,
green-124,THOR Disc 1,,,,
green-125,Wakfu Disc 1,,,,
green-126,Wakfu Disc 1,,,,
green-127,Wakfu Disc 1,,,,
green-128,Wakfu Disc 1,,,,
green-129,SANTA’S Apprentice Disc 1,,,,
green-130,The SMURFS Johan &Peewit,GARAGE,TUB 4,,NUMERICAL
green-131,The SMURFS season 6 Disc 1,GARAGE,TUB 4,,NUMERICAL
green-132,The SMURFS season 6 Disc 2,GARAGE,TUB 4,,NUMERICAL
green-133,The SMURFS season 6 Disc 3,GARAGE,TUB 4,,NUMERICAL
green-134,The SMURFS season 6 Disc 4,GARAGE,TUB 4,,NUMERICAL
green-135,The SMURFS season 6 Disc 5,GARAGE,TUB 4,,NUMERICAL
green-136,The SMURFS season 7 Disc 1,GARAGE,TUB 4,,NUMERICAL
green-137,The SMURFS season 7 Disc 2,GARAGE,TUB 4,,NUMERICAL
green-138,The SMURFS season 7 Disc 3,GARAGE,TUB 4,,NUMERICAL
green-139,The SMURFS season 7 Disc 4,GARAGE,TUB 4,,NUMERICAL
green-140,The SMURFS season 7 Disc 5,GARAGE,TUB 4,,NUMERICAL
green-141,The SMURFS season 8 Disc 1,GARAGE,TUB 4,,NUMERICAL
green-142,The SMURFS season 8 Disc 2,GARAGE,TUB 4,,NUMERICAL
green-143,The SMURFS season 9 Disc 1,GARAGE,TUB 4,,NUMERICAL
green-144,The SMURFS season 9 Disc 2,GARAGE,TUB 4,,NUMERICAL
green-145,The SMURFS season 9 Disc 3,GARAGE,TUB 4,,NUMERICAL
green-146,My Little Pony The Great Rainbow Caper,,,,
green-147,My Little Pony Bright Eyes,,,,
green-148,My Little Pony The Magic Coins,,,,
green-149,My Little Pony The Pony Puppy,,,,
green-150,My Little Pony The End of Flutter Valley,,,,
green-151,My Little Pony The Movie,,,,
green-152,My Little Pony Ghosts of Paradise Estate,,,,
green-153,Geronimo Stilton Vol 2,,,,
green-154,THE LITTLE MERMAID,,,,
green-155,PETER PAN,,,,
green-156,ALADDIN,,,,
green-157,Marsupilami A Tail of Two Cities Disc 1,GARAGE,TUB 4,,NUMERICAL
green-158,Marsupilami A Tail of Two Cities Disc 2,GARAGE,TUB 4,,NUMERICAL
green-159,SAUVEZ WILLY LA SERIE ANIMEE 2,GARAGE,TUB 4,,NUMERICAL
green-160,SAUVEZ WILLY LA SERIE ANIMEE  3,GARAGE,TUB 4,,NUMERICAL
green-161,Swiss Family Robinson,,,,
green-162,Pingu BOOGALOO,,,,
green-163,BABAR The Movie,,,,
green-164,The Little MERMAID,,,,
green-165,The Adventures of Moby Dick,,,,
green-166,I love Abby Caddaby,,,,
green-167,GARFIELD INTO THE WILD AND GARFIELD LION QUEEN,GARAGE,TUB 4,,NUMERICAL
green-168,GARFIELD AGAINST ALL TIDES AND GARFIELD GOES WEST,GARAGE,TUB 4,,NUMERICAL
green-169,GARFIELD RODENT REBELLION,GARAGE,TUB 4,,NUMERICAL
green-170,Pound Puppies Homeward Pound,,,,
green-171,FROZEN,,,,
green-172,MOANA,,,,
green-173,nickelodeon 90’s FAN FAVES,,,,
green-174,James and the GIANT PEACH,BEDROOM,4,3,CATEGORIES
green-175,A Shaun the Sheep MOVIE,,,,
green-176,MOANA,,,,
green-177,BIG HERO 6,,,,
green-178,FERDINAND,,,,
green-179,My Neighbor Totoro,,,,
green-180,COCO,,,,
green-181,TOY STORY 4,,,,
green-182,GARFIELD & Cie,,,,
green-183,HAMTARO little hamsters big adventures,,,,
green-184,HAMTARO little hamsters big adventures,,,,
green-185,BLUEY STICKY GECKO and other stories,,,,
green-186,TOM and JERRY CLASSIC COLLECTION,BEDROOM,4,2,CATEGORIES
green-187,Leo the LION King of the Jungle,BEDROOM,4,2,CATEGORIES
green-188,HERCULES,,,,
green-189,YOUNG POCAHONTAS,BEDROOM,4,4,CATEGORIES
green-190,Widgets Great Whale Adventure,LOUNGEROOM,2,2,ALPHABETICAL
green-191,Widget Of The Jungle,LOUNGEROOM,2,2,ALPHABETICAL
green-192,JOHNSON & FRIENDS,GARAGE,TUB 4,,NUMERICAL
green-193,Best of Bugs Bunny volume 4,BEDROOM,4,2,CATEGORIES
green-194,ICE AGE,,,,
green-195,Raggs PAWSUUUP! BOW WOW BOOGIE,,,,
green-196,SHREK 2,,,,
green-197,THE INCREDIBLES DISC 1,,,,
green-198,THE INCREDIBLES DISC 2,,,,
green-199,Bob the Builder CHIP OFF THE OLD BLOCK,,,,
green-200,PARTY TIME WITH BEAR,,,,
green-201,Come On and Party Hi-5,,,,
green-202,STOP LOOK LISTEN Hi-5,,,,
green-203,MARS NEEDS MOMS,,,,
green-204,E.T. THE EXTRA-TERRESRIAL,,,,
green-205,SANTA CLAWS,,,,
green-206,ABC FOR KIDS FUN in the SUN,,,,
green-207,ABC FOR KIDS Story Time,,,,
green-208,BANANA’S in PYJAMAS Banana Dance,,,,
green-209,HERCULES,BEDROOM,4,2,CATEGORIES
green-210,IVANHOE/MIFFY AND FRIENDS LATE FOR SCHOOL,GARAGE,TUB 4,,NUMERICAL
green-211,THE Treacle People,,,,
green-212,Little Red Tractor,,,,
green-213,CARTOON Fairy Tales,,,,
green-214,HIGGLYTOWN HEROES,,,,
green-215,little einsteins GO to America,,,,
green-216,FUTURAMA SEASON FOUR DISC THREE,,,,
green-217,In the Night Garden… Hello Igglepiggle,,,,
green-218,TOM and JERRY volume 12,BEDROOM,4,2,CATEGORIES
green-219,BLUEY Queens and other stories,,,,
green-220,Beauty and the Beast,BEDROOM,4,1,CATEGORIES
green-221,HOME ON THE RANGE,,,,
green-222,JOHNNY BRAVO   Disc 1,BEDROOM,4,4,CATEGORIES
green-223,JOHNNY BRAVO   Disc 2,BEDROOM,4,4,CATEGORIES
green-224,COURAGE THE COWARDLY DOG,BEDROOM,4,4,CATEGORIES
green-225,COURAGE THE COWARDLY DOG,BEDROOM,4,4,CATEGORIES
green-226,.CARTOON FESTIVAL  VOL.5,,,,
green-227,SHERLOCK GNOMES,,,,
green-228,REAL MONSTERS Season 2 Disc ONE,GARAGE,TUB 4,,NUMERICAL
green-229,REAL MONSTERS Season 2 Disc TWO,GARAGE,TUB 4,,NUMERICAL
green-230,THE Underdog SHOW Vol 1 13,,,,
green-231,THE Underdog SHOW Vol 1 14,,,,
green-232,THE Underdog SHOW Vol 1 15,,,,
green-233,A CHRISTMAS CAROL,,,,
green-234,Pound Puppies HOMEWARD POUND,,,,
green-235,DRAGONBALL Collection 1 Disc 1,LOUNGEROOM,1,1,ALPHABETICAL
green-236,DRAGONBALL Collection 1 Disc 2,LOUNGEROOM,1,1,ALPHABETICAL
green-237,DRAGONBALL Collection 2 Disc 1,LOUNGEROOM,1,1,ALPHABETICAL
green-238,DRAGONBALL Collection 2 Disc 2,LOUNGEROOM,1,1,ALPHABETICAL
green-239,DRAGONBALL Collection 3 Disc 1,LOUNGEROOM,1,1,ALPHABETICAL
green-240,DRAGONBALL Collection 3 Disc 2,LOUNGEROOM,1,1,ALPHABETICAL
green-241,DRAGONBALL Collection 4 Disc 1,LOUNGEROOM,1,1,ALPHABETICAL
green-242,DRAGONBALL Collection 4 Disc 2,LOUNGEROOM,1,1,ALPHABETICAL
green-243,DRAGONBALL Collection 5 Disc 1,LOUNGEROOM,1,1,ALPHABETICAL
green-244,DRAGONBALL Collection 5 Disc 2,LOUNGEROOM,1,1,ALPHABETICAL
green-245,DRAGONBALL Collection 6 Disc 1,LOUNGEROOM,1,1,ALPHABETICAL
green-246,DRAGONBALL Collection 6 Disc 2,LOUNGEROOM,1,1,ALPHABETICAL
green-247,MAGGIE AND THE FEROCIOUS BEAST,,,,
green-248,The Busy World of Richard Scarry,LOUNGEROOM,1,1,ALPHABETICAL
green-249,TEEN TITANS GO,GARAGE,TUB 4,,NUMERICAL
green-250,SONIC THE HEDGEHOG,,,,
green-251,THE WUBBULOUS WORLD of DR SEUSS,,,,
green-252,200 CLASSIC CARTOONS disc 1,GARAGE,TUB 4,,NUMERICAL
green-253,200 CLASSIC CARTOONS disc 2,GARAGE,TUB 4,,NUMERICAL
green-254,200 CLASSIC CARTOONS disc 3,GARAGE,TUB 4,,NUMERICAL
green-255,200 CLASSIC CARTOONS disc 4,GARAGE,TUB 4,,NUMERICAL
green-256,Everybody loves MICKEY,BEDROOM,4,1,CATEGORIES
green-257,Everybody loves GOOFY,BEDROOM,4,1,CATEGORIES
green-258,DONALD’S Laugh Factory,GARAGE,TUB 4,,NUMERICAL
green-259,Tiny Toon Adventures Season 1 Volume 2                                 Disc 1,LOUNGEROOM,2,2,ALPHABETICAL
green-260,Tiny Toon Adventures Season 1 Volume 2                                 Disc 2,LOUNGEROOM,2,2,ALPHABETICAL
green-261,Tiny Toon Adventures Season 1 Volume 2                                 Disc 3,LOUNGEROOM,2,2,ALPHABETICAL
green-262,Tiny Toon Adventures Season 1 Volume 2                                 Disc 1,LOUNGEROOM,2,2,ALPHABETICAL
green-263,DOT AND THE KANGAROO,GARAGE,TUB 4,,NUMERICAL
green-264,SKIPPY ADVENTURES IN BUSHTOWN,,,,
green-265,Geronimo Stilton volume 2,,,,
green-266,Dorothy the Dinosaur’s Party,,,,
green-267,JUNGLE BOOK,,,,
green-268,TABALUGA,BEDROOM,4,4,CATEGORIES
green-269,PAW PATROL MIGHTY PUPS CHARGED UP,,,,
green-270,PAW PATROL DINO RESCUE,,,,
green-271,Bambaloo Box Set 3 Disc 1,GARAGE,TUB 4,,NUMERICAL
green-272,Bambaloo Box Set 3 Disc 2,GARAGE,TUB 4,,NUMERICAL
green-273,Bambaloo Box Set 3 Disc 3,GARAGE,TUB 4,,NUMERICAL
green-274,Pound Puppies Homeward Pound,,,,
green-275,Winx CLUB BELIEVE in MAGIC,,,,
green-276,Noah’s Island. The Lost Zoo,BEDROOM,4,4,CATEGORIES
green-277,The Dream Stone,LOUNGEROOM,1,1,ALPHABETICAL
green-278,DC SUPERHERO GIRLS,,,,
green-279,Dot Goes to Hollywood,,,,
green-280,THE JUNGLE BOOK MOWGLI’S STORY,,,,
green-281,SONIC THE HEDGEHOG Disc 1,LOUNGEROOM,2,1,ALPHABETICAL
green-282,SONIC THE HEDGEHOG Disc 2,LOUNGEROOM,2,1,ALPHABETICAL
green-283,THE DAY MY BUTT WENT PSYCHO!,,,,
green-284,GERONIMO STILTON VOUME 2,,,,
green-285,TWAS THE NIGHT BEFORE BUMPY,,,,
green-286,KERMIT’S SWAMP YEARS & THE MUPPETS TAKE MANHATTAN,,,,
green-287,THE SUPER MARIO BROS SUPER SHOW! ALL STEAMED UP DISC 1,GARAGE,TUB 5,,NUMERICAL
green-288,THE SUPER MARIO BROS SUPER SHOW!,GARAGE,TUB 5,,NUMERICAL
green-289,LETS GO GHOSTBUSTERS VOLUME 2 DISC 1,LOUNGEROOM,1,2,ALPHABETICAL
green-290,LETS GO GHOSTBUSTERS VOLUME 2 DISC 2,LOUNGEROOM,1,2,ALPHABETICAL
green-291,LETS GO GHOSTBUSTERS VOLUME 2 DISC 3,LOUNGEROOM,1,2,ALPHABETICAL
green-292,My LITTLE PONY Pinkie Apple Pie,,,,
green-293,The GARFIELD show Volume 1,,,,
green-294,COUNTDOWN TO CHRISTMAS,BEDROOM,4,3,CATEGORIES
green-295,ASTROBOY VOLUME 3,,,,
green-296,ASTROBOY VOLUME 4,,,,
green-297,ASTROBOY VOLUME 6,,,,
green-298,ASTROBOY VOLUME 9,,,,
green-299,ASTROBOY VOLUME 10,,,,
green-300,NICKELODEON HALLOWEEN SPECIALS,,,,
green-301,EVERYBODY LOVES DONALD,,,,
green-302,SATURDAY MORNING CARTOON COLLECTION DISC 1,BEDROOM,4,4,CATEGORIES
green-303,SATURDAY MORNING CARTOON COLLECTION DISC 2,BEDROOM,4,4,CATEGORIES
green-304,SATURDAY MORNING CARTOON COLLECTION DISC 3,BEDROOM,4,4,CATEGORIES
green-305,SATURDAY MORNING CARTOON COLLECTION DISC 4,BEDROOM,4,4,CATEGORIES
green-306,SATURDAY MORNING CARTOON COLLECTION DISC 5,BEDROOM,4,4,CATEGORIES
green-307,SATURDAY MORNING CARTOON COLLECTION DISC 6,BEDROOM,4,4,CATEGORIES
green-308,SATURDAY MORNING CARTOON COLLECTION DISC 7,BEDROOM,4,4,CATEGORIES
green-309,THE MANY ADVENTURES OF WINNIE THE POOH,BEDROOM,4,1,CATEGORIES
green-310,TOYS AND PETS,,,,
green-311,MICKEY’S TWICE UPON A CHRISTMAS,,,,
green-312,SONIC THE HEDGEHOG,,,,
green-313,DIGIMON S1 DISC 1,LOUNGEROOM,1,1,ALPHABETICAL
green-314,DIGIMON S1 DISC 2,LOUNGEROOM,1,1,ALPHABETICAL
green-315,DIGIMON S1 DISC 3,LOUNGEROOM,1,1,ALPHABETICAL
green-316,DIGIMON S1 DISC 4,LOUNGEROOM,1,1,ALPHABETICAL
green-317,DIGIMON S1 DISC 5,LOUNGEROOM,1,1,ALPHABETICAL
green-318,DIGIMON S1 DISC 6,LOUNGEROOM,1,1,ALPHABETICAL
green-319,DIGIMON S1 DISC 7,LOUNGEROOM,1,1,ALPHABETICAL
green-320,DIGIMON S1 DISC 8,LOUNGEROOM,1,1,ALPHABETICAL
green-321,DIGIMON S2 DISC 1,LOUNGEROOM,1,1,ALPHABETICAL
green-322,DIGIMON S2 DISC 2,LOUNGEROOM,1,1,ALPHABETICAL
green-323,DIGIMON S2 DISC 3,LOUNGEROOM,1,1,ALPHABETICAL
green-324,DIGIMON S2 DISC 4,LOUNGEROOM,1,1,ALPHABETICAL
green-325,DIGIMON S2 DISC 5,LOUNGEROOM,1,1,ALPHABETICAL
green-326,DIGIMON S2 DISC 6,LOUNGEROOM,1,1,ALPHABETICAL
green-327,DIGIMON S2 DISC 7,LOUNGEROOM,1,1,ALPHABETICAL
green-328,DIGIMON S2 DISC 8,LOUNGEROOM,1,1,ALPHABETICAL
green-329,DIGIMON S3 DISC 1,LOUNGEROOM,1,1,ALPHABETICAL
green-330,DIGIMON S3 DISC 2,LOUNGEROOM,1,1,ALPHABETICAL
green-331,DIGIMON S3 DISC 3,LOUNGEROOM,1,1,ALPHABETICAL
green-332,DIGIMON S3 DISC 4,LOUNGEROOM,1,1,ALPHABETICAL
green-333,DIGIMON S3 DISC 5,LOUNGEROOM,1,1,ALPHABETICAL
green-334,DIGIMON S3 DISC 6,LOUNGEROOM,1,1,ALPHABETICAL
green-335,DIGIMON S3 DISC 7,LOUNGEROOM,1,1,ALPHABETICAL
green-336,DIGIMON S3 DISC 8,LOUNGEROOM,1,1,ALPHABETICAL
green-337,DIGIMON S4 DISC 1,LOUNGEROOM,1,1,ALPHABETICAL
green-338,DIGIMON S4 DISC 2,LOUNGEROOM,1,1,ALPHABETICAL
green-339,DIGIMON S4 DISC 3,LOUNGEROOM,1,1,ALPHABETICAL
green-340,DIGIMON S4 DISC 4,LOUNGEROOM,1,1,ALPHABETICAL
green-341,DIGIMON S4 DISC 5,LOUNGEROOM,1,1,ALPHABETICAL
green-342,DIGIMON S4 DISC 6,LOUNGEROOM,1,1,ALPHABETICAL
green-343,DIGIMON S4 DISC 7,LOUNGEROOM,1,1,ALPHABETICAL
green-344,DIGIMON S4 DISC 8,LOUNGEROOM,1,1,ALPHABETICAL
green-345,DIGIMON S5 DISC 1,LOUNGEROOM,1,1,ALPHABETICAL
green-346,DIGIMON S5 DISC 2,LOUNGEROOM,1,1,ALPHABETICAL
green-347,DIGIMON S5 DISC 3,LOUNGEROOM,1,1,ALPHABETICAL
green-348,DIGIMON S5 DISC 4,LOUNGEROOM,1,1,ALPHABETICAL
green-349,DIGIMON S5 DISC 5,LOUNGEROOM,1,1,ALPHABETICAL
green-350,DIGIMON S5 DISC 6,LOUNGEROOM,1,1,ALPHABETICAL
green-351,DIGIMON S5 DISC 7,LOUNGEROOM,1,1,ALPHABETICAL
green-352,DIGIMON S5 DISC 8,LOUNGEROOM,1,1,ALPHABETICAL
green-353,20 GARFIELD STORIES,GARAGE,TUB 5,,ALPHABETICAL
green-354,The Wacky World Of Tex Avery Volume 1  Disc 1,LOUNGEROOM,2,2,ALPHABETICAL
green-355,The Wacky World Of Tex Avery Volume 1  Disc 2,LOUNGEROOM,2,2,ALPHABETICAL
green-356,The Wacky World Of Tex Avery Volume 1  Disc 3,LOUNGEROOM,2,2,ALPHABETICAL
green-357,The Wacky World Of Tex Avery Volume 1  Disc 4,LOUNGEROOM,2,2,ALPHABETICAL
green-358,Diego Saves The World,GARAGE,TUB 5 ,,NUMERICAL
green-359,The Avenging Apes of Africa,,,,
green-360,Thomas and Friends Trainloads of Thomas Fun Disc 1,,,,
green-361,Thomas and Friends Trainloads of Thomas Fun Disc 2,,,,
green-362,Thomas and Friends Trainloads of Thomas Fun Disc 3,,,,
green-363,Sesame Street Guess that Shape and Colour,,,,
green-364,Rugrats Season 1 Disc 1,GARAGE,TUB 5,,NUMERICAL
green-365,Rugrats Season 1 Disc 2,GARAGE,TUB 5,,NUMERICAL
green-366,Spongebob Season 6 Disc 1,,,,
green-367,Spongebob Season 6 Disc 2,,,,
green-368,Spongebob Season 6 Disc 3,,,,
green-369,Spongebob Season 6 Disc 4,,,,
green-370,Spongebob Season 7 Disc 1,,,,
green-371,Spongebob Season 7 Disc 2,,,,
green-372,Spongebob Season 7 Disc 3,,,,
green-373,Spongebob Season 7 Disc 4,,,,
green-374,THE BIG KNIGHTS,LOUNGEROOM,1,TOP SHELF,ALPHABETICAL
green-375,THE SECRET OF NIMH 1,,,,
green-376,THE SECRET OF NIMH 2,,,,
green-377,GARFIELD AND FRIENDS SEASON 1 DISC 1,LOUNGEROOM,1,2,ALPHABETICAL
green-378,GARFIELD AND FRIENDS SEASON 1 DISC 2,LOUNGEROOM,1,2,ALPHABETICAL
green-379,GARFIELD AND FRIENDS SEASON 2 DISC 1,LOUNGEROOM,1,2,ALPHABETICAL
green-380,GARFIELD AND FRIENDS SEASON 2 DISC 2,LOUNGEROOM,1,2,ALPHABETICAL
green-381,GARFIELD AND FRIENDS SEASON 2 DISC 3,LOUNGEROOM,1,2,ALPHABETICAL
green-382,GARFIELD AND FRIENDS SEASON 3 DISC 1,LOUNGEROOM,1,2,ALPHABETICAL
green-383,GARFIELD AND FRIENDS SEASON 3 DISC 2,LOUNGEROOM,1,2,ALPHABETICAL
green-384,TINY TOON ADVENTURES VOLUME 3 DISC 1,LOUNGEROOM,2,2,ALPHABETICAL
green-385,TINY TOON ADVENTURES VOLUME 3 DISC 2,LOUNGEROOM,2,2,ALPHABETICAL
green-386,TINY TOON ADVENTURES VOLUME 4 DISC 1,LOUNGEROOM,2,2,ALPHABETICAL
green-387,TINY TOON ADVENTURES VOLUME 4 DISC 2,LOUNGEROOM,2,2,ALPHABETICAL
green-388,CHIP N DALE TROUBLE IN A TREE,,,,
green-389,CHIP N DALE HERE COMES TROUBLE,,,,
green-390,BARTOK THE MAGNIFICIENT,,,,
green-391,"PEPPA PIG, PEPPA’S CHRISTMAS VISIT",,,,
green-392,PEPPA PIG CHRISTMAS DOUBLE PACK DISC 1,,,,
green-393,PEPPA PIG CHRISTMAS DOUBLE PACK DISC 2,,,,
green-394,"NELLA THE PRINCESS KNIGHT, THE KNIGHT BEFORE CHRISTMAS",,,,
green-395,TINY TOON ADVENTURES HOW I SPENT MY VACATION,GARAGE,TUB 5,,NUMERICAL
green-396,Street Sharks Disc 1,LOUNGEROOM,2,1,ALPHABETICAL
green-397,Street Sharks Disc 2,LOUNGEROOM,2,1,ALPHABETICAL
green-398,Street Sharks Disc 3,LOUNGEROOM,2,1,ALPHABETICAL
green-399,Street Sharks Disc 4,LOUNGEROOM,2,1,ALPHABETICAL
green-400,X-Men Volume 1,LOUNGEROOM,2,2,ALPHABETICAL
green-401,Sonic Underground Volume 1,LOUNGEROOM,2,1,ALPHABETICAL
green-402,Fantastic Four- A legend begins,LOUNGEROOM,1,2,ALPHABETICAL
green-403,Iron Man Disc 1,LOUNGEROOM,1,3,ALPHABETICAL
green-404,Iron Man Disc 2,LOUNGEROOM,1,3,ALPHABETICAL
green-405,Iron Man Disc 3,LOUNGEROOM,1,3,ALPHABETICAL
green-406,Maisy Animals,BEDROOM,4,3,CATEGORIES
green-407,Teletubbies 10 Happy Birthday,,,,
green-408,Louie Draw Me A Tractor,,,,
green-409,Sabrina’s Secret Life   Volume 1,GARAGE,TUB 5,,NUMERICAL
green-410,Sabrina’s Secret Life   Volume 2,GARAGE,TUB 5,,NUMERICAL
green-411,Sabrina’s Secret Life   Volume 3,GARAGE,TUB 5,,NUMERICAL
green-412,Ben 10 Ultimate Alien  Disc 1,GARAGE,TUB 5,,NUMERICAL
green-413,Ben 10 Ultimate Alien Disc 2,GARAGE,TUB 5,,NUMERICAL
green-414,Ben 10 Omniverse  Disc 1,,,,
green-415,Ben 10 Omniverse  Disc 2,,,,
green-416,Ben 10 Omniverse Vol 2 Disc 1,,,,
green-417,Ben 10 Omniverse  Vol 2 Disc 2,,,,
green-418,Ben 10 Ultimate Alien  Volume 7,,,,
green-419,The Twisted Tales of Felix the Cat Disc 1,LOUNGEROOM,2,2,ALPHABETICAL
green-420,The Twisted Tales of Felix the Cat Disc 2,LOUNGEROOM,2,2,ALPHABETICAL
green-421,The Twisted Tales of Felix the Cat Disc 3,LOUNGEROOM,2,2,ALPHABETICAL
green-422, C.O.P.S.,LOUNGEROOM,1,1,ALPHABETICAL
green-423,HERMAN & FRIENDS,LOUNGEROOM,1,1,ALPHABETICAL
green-424,Gullivers Travels,BEDROOM,4,4,CATEGORIES
green-425,Cartoon Classics Vol. 10,,,,
green-426,SpongeBob Squarepants   Tide and Seek,,,,
green-427,SpongeBob Squarepants SpongeBob and the BIG WAVE,,,,
green-428,BEST PALS Mickey & Pluto,BEDROOM,4,1,CATEGORIES
green-429,G.I. JOE        RESOLUTE,GARAGE,TUB 5,,NUMERICAL
green-430,ANGRY BEAVERS  VOLUME 1 DISC 1,GARAGE,TUB 5,,NUMERICAL
green-431,ANGRY BEAVERS  VOLUME 1 DISC 2,GARAGE,TUB 5,,NUMERICAL
green-432,ANGRY BEAVERS  VOLUME 1 DISC 3,GARAGE,TUB 5,,NUMERICAL
green-433,ANGRY BEAVERS  VOLUME 1 DISC 4,GARAGE,TUB 5,,NUMERICAL
green-434,ANGRY BEAVERS VOLUME 2 DISC 1,BEDROOM,4,2,CATEGORIES
green-435,ANGRY BEAVERS VOLUME 2 DISC 2,BEDROOM,4,2,CATEGORIES
green-436,ANGRY BEAVERS VOLUME 2 DISC 3,BEDROOM,4,2,CATEGORIES
green-437,ANGRY BEAVERS VOLUME 2 DISC 4,BEDROOM,4,2,CATEGORIES
green-438,ANGRY BEAVERS VOLUME 2 DISC 5,BEDROOM,4,2,CATEGORIES
green-439,ANGRY BEAVERS VOLUME 2 DISC 6,BEDROOM,4,2,CATEGORIES
green-440,FIREMAN SAM      SET FOR ACTION!,,,,
green-441,FIREMAN SAM     RACE AGAINST TIME,,,,
green-442,AAAHH!!! REAL MONSTERS VOLUME 1 DISC 1,GARAGE,TUB 5,,NUMERICAL
green-443,AAAHH!!! REAL MONSTERS VOLUME 1 DISC 2,GARAGE,TUB 5,,NUMERICAL
green-444,AAAHH!!! REAL MONSTERS VOLUME 1 DISC 3,GARAGE,TUB 5,,NUMERICAL
green-445,AAAHH!!! REAL MONSTERS VOLUME 1 DISC 4,GARAGE,TUB 5,,NUMERICAL
green-446,AAAHH!!! REAL MONSTERS VOLUME 2 DISC 1,BEDROOM,4,2,CATEGORIES
green-447,AAAHH!!! REAL MONSTERS VOLUME 2 DISC 2,BEDROOM,4,2,CATEGORIES
green-448,AAAHH!!! REAL MONSTERS VOLUME 2 DISC 3,BEDROOM,4,2,CATEGORIES
green-449,AAAHH!!! REAL MONSTERS VOLUME 2 DISC 4,BEDROOM,4,2,CATEGORIES
green-450,GARFIELD GETS REAL,,,,
green-451,KIMBA THE WHITE LION VOLUME 2 DISC 3,BEDROOM,4,2,CATEGORIES
green-452,KIMBA THE WHITE LION VOLUME 2 DISC 4,BEDROOM,4,2,CATEGORIES
green-453,KIMBA THE WHITE LION VOLUME 4 DISC 7,BEDROOM,4,2,CATEGORIES
green-454,KIMBA THE WHITE LION VOLUME 4 DISC 8,BEDROOM,4,2,CATEGORIES
green-455,KIMBA THE WHITE LION VOLUME 5 DISC 9,BEDROOM,4,2,CATEGORIES
green-456,KIMBA THE WHITE LION VOLUME 5 DISC 10,BEDROOM,4,2,CATEGORIES
green-457,SEALAB 2020 DISC 1,BEDROOM,4,3,CATEGORIES
green-458,SEALAB 2020 DISC 2,BEDROOM,4,3,CATEGORIES
green-459,MARINE BOY SEASON 1 DISC 1,,,,
green-460,MARINE BOY SEASON 1 DISC 2,,,,
green-461,MARINE BOY SEASON 1 DISC 3,,,,
green-462,SPONGEBOB SQUAREPANTS BIKINI BOTTOM ADVENTURES,,,,
green-463,THE WILD THORNBERRYS SEASON 1 DISC 1,GARAGE,TUB 5,,NUMERICAL
green-464,THE WILD THORNBERRYS SEASON 1 DISC 2,GARAGE,TUB 5,,NUMERICAL
green-465,THE WILD THORNBERRYS SEASON 1 DISC 3,GARAGE,TUB 5,,NUMERICAL
green-466,THE WILD THORNBERRYS SEASON 1 DISC 4,GARAGE,TUB 5,,NUMERICAL
green-467,THE WILD THORNBERRYS SEASON 2 DISC 1,BEDROOM,4,2,CATEGORIES
green-468,THE WILD THORNBERRYS SEASON 2 DISC 2,BEDROOM,4,2,CATEGORIES
green-469,THE WILD THORNBERRYS SEASON 2 DISC 3,BEDROOM,4,2,CATEGORIES
green-470,THE WILD THORNBERRYS SEASON 2 DISC 4,BEDROOM,4,2,CATEGORIES
green-471,THE WILD THORNBERRYS SEASON 2 DISC 5,BEDROOM,4,2,CATEGORIES
green-472,THE WILD THORNBERRYS SEASON 2 DISC 6,BEDROOM,4,2,CATEGORIES
green-473,THE WILD THORNBERRYS SEASON 3 DISC 1,BEDROOM,4,2,CATEGORIES
green-474,THE WILD THORNBERRYS SEASON 3 DISC 2,BEDROOM,4,2,CATEGORIES
green-475,THE WILD THORNBERRYS SEASON 3 DISC 3,BEDROOM,4,2,CATEGORIES
green-476,THE WILD THORNBERRYS SEASON 4 & 5 DISC 1,BEDROOM,4,2,CATEGORIES
green-477,THE WILD THORNBERRYS SEASON 4 & 5 DISC 2,BEDROOM,4,2,CATEGORIES
green-478,DONALD DUCK’S CHRISTMAS FAVOURITES,,,,
green-479,THE NIGHTMARE BEFORE CHRISTMAS DISC 1,,,,
green-480,THE NIGHTMARE BEFORE CHRISTMAS DISC 2,,,,
green-481,THE ALVINNN!!! EDTION DISC 1,GARAGE,TUB 5,,NUMERICAL
green-482,THE ALVINNN!!! EDITION DISC 2,GARAGE,TUB 5,,NUMERICAL
green-483,3 MOVIE COLLECTION- MICKEY’S CHRISTMAS CAROL,,,,
green-484,3 MOVIE COLLECTION-THE MUPPETS CHRISTMAS CAROL,,,,
green-485,"3 MOVIE COLLECTION-CELEBRATE CHRISTMAS WITH MICKEY, DONALD & FRIENDS",,,,
green-486,The Adventures of Super Mario Bros 3,LOUNGEROOM,1,TOP SHELF,ALPHABETICAL
green-487,BEN 10 ALIEN FORCE,,,,
green-488,Looney Tunes Collection   ALL STARS  Volume 4,BEDROOM,4,2,CATEGORIES
green-489,SPIES IN DISGUISE,,,,
green-490,2 STUPID DOGS / SECRET SQUIRREL SHOW   VOLUME ONE   DISC 1,LOUNGEROOM,1,TOP SHELF,ALPHABETICAL
green-491,2 STUPID DOGS / SECRET SQUIRREL SHOW   VOLUME ONE   DISC 2,LOUNGEROOM,1,TOP SHELF,ALPHABETICAL
green-492,BEST of PORKY PIG   VOLUME 2,BEDROOM,4,2,CATEGORIES
green-493,JOHNNY QUEST   The Complete First Season   DISC 1,BEDROOM,4,4,CATEGORIES
green-494,JOHNNY QUEST   The Complete First Season   DISC 2,BEDROOM,4,4,CATEGORIES
green-495,JOHNNY QUEST    The Complete First Season    DISC 3,BEDROOM,4,4,CATEGORIES
green-496,50 CARTOON COLLECTION LOONEY TUNES   Disc 1,BEDROOM,4,2,CATEGORIES
green-497,50 CARTOON COLLECTION LOONEY TUNES    Disc 2,BEDROOM,4,2,CATEGORIES
green-498,25 CARTOON COLLECTION HANNA BARBERA   Disc 1,BEDROOM,4,4,CATEGORIES
green-499,25 CARTOON COLLECTION HANNA BARBERA   Disc 2,BEDROOM,4,4,CATEGORIES
green-500,MICKEY’S LAUGH FACTORY,BEDROOM,4,1,CATEGORIES
green-501,FUNNY FACTORY with GOOFY Vol 3,BEDROOM,4,1,CATEGORIES
green-502,GIANT 600 CARTOON COLLECTION,BEDROOM,4,4,CATEGORIES
green-503,GIANT 600 CARTOON COLLECTION,BEDROOM,4,4,CATEGORIES
green-504,GIANT 600 CARTOON COLLECTION,BEDROOM,4,4,CATEGORIES
green-505,GIANT 600 CARTOON COLLECTION,BEDROOM,4,4,CATEGORIES
green-506,GIANT 600 CARTOON COLLECTION,BEDROOM,4,4,CATEGORIES
green-507,GIANT 600 CARTOON COLLECTION,BEDROOM,4,4,CATEGORIES
green-508,GIANT 600 CARTOON COLLECTION,BEDROOM,4,4,CATEGORIES
green-509,GIANT 600 CARTOON COLLECTION,BEDROOM,4,4,CATEGORIES
green-510,GIANT 600 CARTOON COLLECTION,BEDROOM,4,4,CATEGORIES
green-511,GIANT 600 CARTOON COLLECTION,BEDROOM,4,4,CATEGORIES
green-512,GIANT 600 CARTOON COLLECTION,BEDROOM,4,4,CATEGORIES
green-513,GIANT 600 CARTOON COLLECTION,BEDROOM,4,4,CATEGORIES
green-514,CLASSIC CARTOONS VOLUME 1&2 DISC 1 SIDE A,,,,
green-515,CLASSIC CARTOONS VOLUME 1&2 DISC 1 SIDE B,,,,
green-516,CLASSIC CARTOONS VOLUME 1&2 DISC 2 SIDE A,,,,
green-517,CLASSIC CARTOONS VOLUME 1&2 DISC 2 SIDE B,,,,
green-518,UNDERDOG      Volume 2  Disc 1,BEDROOM,4,4,CATEGORIES
green-519,UNDERDOG      Volume 2  Disc 2,BEDROOM,4,4,CATEGORIES
green-520,UNDERDOG      Volume 2 Disc 3,BEDROOM,4,4,CATEGORIES
green-521,A BOY NAMED CHARLIE BROWN,,,,
green-522,THE PEBBLE AND THE PENGUIN,BEDROOM,4,2,CATEGORIES
green-523,THE WIND IN THE WILLOWS,BEDROOM,4,4,CATEGORIES
green-524,AROUND THE WORLD IN 80 DAYS,BEDROOM,4,4,CATEGORIES
green-525,BLACK BEAUTY,BEDROOM,4,4,CATEGORIES
green-526,Transformers Generation One Disc 1,GARAGE,TUB 5,,NUMERICAL
green-527,Transformers Generation One Disc 2,GARAGE,TUB 5,,NUMERICAL
green-528,Transformers Generation One Disc 3,GARAGE,TUB 5,,NUMERICAL
green-529,Generator Rex Disc 1,,,,
green-530,Generator Rex Disc 2,,,,
green-531,PENGUIN LAND,,,,
green-532,THE FLINTSTONES THE COMPLETE FIRST SEASON DISC 1,GARAGE,TUB 5,,NUMERICAL
green-533,THE FLINTSTONES THE COMPLETE FIRST SEASON DISC 2,GARAGE,TUB 5,,NUMERICAL
green-534,THE FLINTSTONES THE COMPLETE FIRST SEASON DISC 3,GARAGE,TUB 5,,NUMERICAL
green-535,THE FLINTSTONES THE COMPLETE FIRST SEASON DISC 4,GARAGE,TUB 5,,NUMERICAL
green-536,THE FLINTSTONES THE COMPLETE FIRST SEASON DISC 5,GARAGE,TUB 5,,NUMERICAL
green-537,THE JETSONS THE COMPLETE FIRST SEASON DISC 1,GARAGE,TUB 5,,NUMERICAL
green-538,THE JETSONS THE COMPLETE FIRST SEASON DISC 2,GARAGE,TUB 5,,NUMERICAL
green-539,THE JETSONS THE COMPLETE FIRST SEASON DISC 3,GARAGE,TUB 5,,NUMERICAL
green-540,THE JETSONS THE COMPLETE FIRST SEASON DISC 4,GARAGE,TUB 5,,NUMERICAL
green-541,DIEGO’S MAGICAL MISSIONS,,,,
green-542,MADELINE    MADELINE’S RESCUE,LOUNGEROOM,1,3,ALPHABETICAL
green-543,GOLDILOCK AND THE THREE BEARS,,,,
green-544,DIGIMON THE MOVIE,,,,
green-545,THE JUNGLE KING,BEDROOM,4,2,CATEGORIES
green-546,WHAT A CARTOON DISC 1,LOUNGEROOM,2,2,ALPHABETICAL
green-547,WHAT A CARTOON DISC 2,LOUNGEROOM,2,2,ALPHABETICAL
green-548,WHAT A CARTOON DISC 3,LOUNGEROOM,2,2,ALPHABETICAL
green-549,WHAT A CARTOON DISC 4,LOUNGEROOM,2,2,ALPHABETICAL
green-550,MICKEY’S TREAT,,,,
green-551,GOOBER AND THE GHOST CHASERS DISC 1,GARAGE,TUB 5,,NUMERICAL
green-552,GOOBER AND THE GHOST CHASERS DISC 2,GARAGE,TUB 5,,NUMERICAL
green-553,GOOBER AND THE GHOST CHASERS DISC 3,GARAGE,TUB 5,,NUMERICAL
green-554,GOOBER AND THE GHOST CHASERS DISC 4,GARAGE,TUB 5,,NUMERICAL
green-555,BEETLEJUICE SEASON 1 DISC 1,LOUNGEROOM,1,TOP SHELF,ALPHABETICAL
green-556,BEETLEJUICE SEASON 1 DISC 2,LOUNGEROOM,1,TOP SHELF,ALPHABETICAL
green-557,BEETLEJUICE SEASON 2 DISC 1,LOUNGEROOM,1,TOP SHELF,ALPHABETICAL
green-558,BEETLEJUICE SEASON 3 DISC 1,LOUNGEROOM,1,TOP SHELF,ALPHABETICAL
green-559,BEETLEJUICE SEASON 4 PART ONE DISC1,LOUNGEROOM,1,TOP SHELF,ALPHABETICAL
green-560,BEETLEJUICE SEASON 4 PART ONE DISC 2,LOUNGEROOM,1,TOP SHELF,ALPHABETICAL
green-561,BEETLEJUICE SEASON 4 PART ONE DISC 3,LOUNGEROOM,1,TOP SHELF,ALPHABETICAL
green-562,BEETLEJUICE SEASON 4 PART ONE DISC 4,LOUNGEROOM,1,TOP SHELF,ALPHABETICAL
green-563,BEETLEJUICE SEASON 4 PART TWO DISC 5,LOUNGEROOM,1,TOP SHELF,ALPHABETICAL
green-564,BEETLEJUICE SEASON 4 PART TWO DISC 6,LOUNGEROOM,1,TOP SHELF,ALPHABETICAL
green-565,BEETLEJUICE SEASON 4 PART TWO DISC 7,LOUNGEROOM,1,TOP SHELF,ALPHABETICAL
green-566,BEETLEJUICE SEASON 4 PART TWO DISC 8,LOUNGEROOM,1,TOP SHELF,ALPHABETICAL
green-567,HANNA-BARBERA CHRISTMAS CLASSICS COLLECTION,,,,
green-568,Christmas Animated Classics The Nutcracker Sweet,,,,
green-569,Christmas Animated Classics Annabelle’s Wish,,,,
green-570,Christmas Animated Classics Dot and Santa Claus,,,,
green-571,PEANUTS  Lucy,,,,
green-572,PEANUTS  Charlie Brown,,,,
green-573,PEANUTS  Shroeder,,,,
green-574,PEANUTS  Peppermint Patty,,,,
green-575,PEANUTS  Linus,,,,
green-576,PEANUTS  Woodstock,,,,
green-577,SNORKS Season 1 Disc 1,LOUNGEROOM,2,1,ALPHABETICAL
green-578,SNORKS Season 1 Disc 2,LOUNGEROOM,2,1,ALPHABETICAL
green-579,THE SYLVESTER AND TWEETY MYSTERIES SEASON 1 DISC 1,LOUNGEROOM,2,1,ALPHABETICAL
green-580,THE SYLVESTER AND TWEETY MYSTERIES SEASON 1 DISC 2,LOUNGEROOM,2,1,ALPHABETICAL
green-581,HAVE YOURSELF A GOOFY LITTLE CHRISTMAS,LOUNGEROOM,1,2,ALPHABETICAL
green-582,DISNEY EXTREME ADVENTURE FUN,BEDROOM,4,1,CATEGORIES
green-583,BANJO THE WOODPILE CAT,,,,
green-584,CLASS OF 3000 SEASON 1 DISC 1,,,,
green-585,CLASS OF 3000 SEASON 1 DISC 2,,,,
green-586,YOGI’S GANG DISC 1,GARAGE,TUB 5,,NUMERICAL
green-587,YOGI’S GANG DISC 2,GARAGE,TUB 5,,NUMERICAL
green-588,WACKY RACES DISC 1,BEDROOM,4,3,CATEGORIES
green-589,WACKY RACES DISC 2  SIDE A- B,BEDROOM,4,3,CATEGORIES
green-590,DROOPY THE COMPLETE THEATRICAL COLLECTION DISC 1,GARAGE,TUB 5,,NUMERICAL
green-591,DROOPY THE COMPLETE THEATRICAL COLLECTION DISC 2,GARAGE,TUB 5,,NUMERICAL
green-592,HANNA BARBERA HOLIDAY TRIPLE FEATURE,,,,
green-593,A VERY NICKELODEON CHRISTMAS,,,,
green-594,ROCKET POWER SEASON 1 DISC 1,,,,
green-595,ROCKET POWER SEASON 1 DISC 2,,,,
green-596,ROCKET POWER SEASON 1 DISC 3,,,,
green-597,ROVER DANGERFIELD THE DOG THAT GETS NO RESPECT,,,,
green-598,RAYMOND BRIGGS FATHER CHRISTMAS,,,,
green-599,RAYMOND BRIGGS THE SNOWMAN,,,,
green-600,RAYMOND BRIGGS THE SNOWMAN AND THE SNOWDOG,,,,
green-601,THE ADVENTURES OF CHUCK & FRIENDS FIXED THAT FOR YOU,,,,
green-602,POKEMON SINNOH LEAGUE VICTORS DISC 1,,,,
green-603,POKEMON SINNOH LEAGUE VICTORS DISC 2,,,,
green-604,THE TIGER WHO CAME TO TEA,,,,
green-605,Elf Pets Santa’s St. Bernards Save Christmas,,,,
green-606,THE MITCHELLS VS THE MACHINES,,,,
green-607,MULAN,,,,
green-608,THE HUNCHBACK OF NOTRE DAME,,,,
green-609,BLACK ARROW,,,,
green-610,KIDNAPPED,,,,
green-611,THE PRISONER OF ZENDA,,,,
green-612,THE LAST MOHICANS,,,,
green-613,DON QUIXOTE,,,,
green-614,FERNGULLY THE LAST RAINFOREST,,,,
green-615,GARFIELD THE MOVIE,,,,
green-616,THE LION GUARD RETURN OF THE ROAR,,,,
green-617,WONDER PARK,,,,
green-618,ADVENTURES IN ZAMBEZIA,,,,
green-619,SHERLOCK GNOMES,,,,
green-620,SURFS UP 2 WAVEMANIA,,,,
green-621,CASPER,,,,
green-622,FERDINAND,,,,
green-623,THE JUNGLE BOOK,BEDROOM,4,4,CATEGORIES
green-624,THE JUNGLE BOOK 2,BEDROOM,4,4,CATEGORIES
green-625,ATTACK OF THE KILLER TOMATOES DISC 1,LOUNGEROOM,1,TOP SHELF,ALPHABETICAL
green-626,ATTACK OF THE KILLER TOMATOES DISC 2,LOUNGEROOM,1,TOP SHELF,ALPHABETICAL
green-627,WIDGETS WALKABOUT,LOUNGEROOM,2,2,ALPHABETICAL
green-628,PLUTO IN DUTCH,,,,
green-629,THE ANIMALS OF FARTHING WOOD,LOUNGEROOM,1,TOP SHELF,ALPHABETICAL
green-630,CASPER AND THE ANGELS,LOUNGEROOM,1,1,ALPHABETICAL
green-631,THE KWICKY KOALA SHOW SEASON 1 DISC 1,LOUNGEROOM,1,3,ALPHABETICAL
green-632,THE KWICKY KOALA SHOW SEASON 1 DISC 2,LOUNGEROOM,1,3,ALPHABETICAL
green-633,FREE WILLY SEASON 1 EPISODE 1,LOUNGEROOM,1,2,ALPHABETICAL
green-634,NOAH’S ISLAND SEASON 1 EPISODE 1,LOUNGEROOM,1,4,ALPHABETICAL
green-635,AVENGER PENGUINS,GARAGE,TUB 5,,NUMERICAL
green-636,BIKER MICE FROM MARS,LOUNGEROOM,1,TOP SHELF,ALPHABETICAL
green-637,BLACKSTAR,LOUNGEROOM,1,TOP SHELF,ALPHABETICAL
green-638,THE CHARLIE BROWN AND SNOOPY SHOW DISC 1,LOUNGEROOM,1,1,ALPHABETICAL
green-639,THE CHARLIE BROWN AND SNOOPY SHOW DISC 2,LOUNGEROOM,1,1,ALPHABETICAL
green-640,THE CHARLIE BROWN AND SNOOPY SHOW DISC 3,LOUNGEROOM,1,1,ALPHABETICAL
green-641,BOBBY’S WORLD,LOUNGEROOM,1,TOP SHELF,ALPHABETICAL
green-642,BONKERS,LOUNGEROOM,1,TOP SHELF,ALPHABETICAL
green-643,THE BOTS MASTER,LOUNGEROOM,1,TOP SHELF,ALPHABETICAL
green-644,BRAVESTARR,GARAGE,TUB 6,,NUMERICAL
green-645,BUCKY O’HARE AND THE TOAD MENACE,LOUNGEROOM,1,TOP SHELF,ALPHABETICAL
green-646,CAPTAIN N THE GAME MASTER,LOUNGEROOM,1,1,ALPHABETICAL
green-647,CAPTAIN SIMIAN AND THE SPACE MONKEYS,LOUNGEROOM,1,1,ALPHABETICAL
green-648,THE COMIC STRIP,LOUNGEROOM,1,1,ALPHABETICAL
green-649,CONAN THE ADVENTURER,LOUNGEROOM,1,1,ALPHABETICAL
green-650,CYBERSIX,GARAGE,TUB 6,,NUMERICAL
green-651,DARKSTALKERS,,,,
green-652,DEFENDERS OF THE EARTH,LOUNGEROOM,1,1,ALPHABETICAL
green-653,DINO RIDERS,LOUNGEROOM,1,1,ALPHABETICAL
green-654,DINOSAUCERS,LOUNGEROOM,1,1,ALPHABETICAL
green-655,BIMBLES BUCKET,LOUNGEROOM,1,TOP SHELF,ALPHABETICAL
green-656,CAPTAIN STAR,LOUNGEROOM,1,1,ALPHABETICAL
green-657,DONKEY KONG COUNTRY,LOUNGEROOM,1,1,ALPHABETICAL
green-658,DOUBLE DRAGON,LOUNGEROOM,1,1,ALPHABETICAL
green-659,DRAGON FLYZ,LOUNGEROOM,1,1,ALPHABETICAL
green-660,EAGLE RIDERS,LOUNGEROOM,1,2,ALPHABETICAL
green-661,EEK THE CAT,LOUNGEROOM,1,2,ALPHABETICAL
green-662,THE FAMILY NESS,LOUNGEROOM,1,2,ALPHABETICAL
green-663,FANTOM CAT,GARAGE,TUB 6,,NUMERICAL
green-664,FERAL TV,GARAGE,TUB 6,,NUMERICAL
green-665,FIEVEL’S AMERICAN TAILS,LOUNGEROOM,1,2,ALPHABETICAL
green-666,FIREMAN SAM,LOUNGEROOM,1,2,ALPHABETICAL
green-667,FLASH GORDON,LOUNGEROOM,1,2,ALPHABETICAL
green-668,FLY TALES,LOUNGEROOM,1,2,ALPHABETICAL
green-669,THE FOX BUSTERS,GARAGE,TUB 6,,NUMERICAL
green-670,FROGGER,LOUNGEROOM,1,1,ALPHABETICAL
green-671,FREAKY STORIES,LOUNGEROOM,1,2,ALPHABETICAL
green-672,FUNNYBONES,LOUNGEROOM,1,2,ALPHABETICAL
green-673,GADGET BOYS,LOUNGEROOM,1,2,ALPHABETICAL
green-674,GARGOYLES,LOUNGEROOM,1,2,ALPHABETICAL
green-675,THE GENIE FROM DOWN UNDER,LOUNGEROOM,1,2,ALPHABETICAL
green-676,GI JOE,LOUNGEROOM,1,2,ALPHABETICAL
green-677,GODZILLA,LOUNGEROOM,1,2,ALPHABETICAL
green-678,GOGS,LOUNGEROOM,1,2,ALPHABETICAL
green-679,GRAVEDALE HIGH,LOUNGEROOM,1,2,ALPHABETICAL
green-680,HERO HIGH,GARAGE,TUB 6,,NUMERICAL
green-681,HIGHLANDER,LOUNGEROOM,1,2,ALPHABETICAL
green-682,HOT ROD DOGS AND COOL CAR CATS,GARAGE,TUB 6,,NUMERICAL
green-683,HURRICANES,LOUNGEROOM,1,3,ALPHABETICAL
green-684,INHUMANOIDS,LOUNGEROOM,1,3,ALPHABETICAL
green-685,INSEKTORS,LOUNGEROOM,1,3,ALPHABETICAL
green-686,IT’S PUNKY BREWSTER,LOUNGEROOM,1,3,ALPHABETICAL
green-687,JAYCE AND THE WHEELED WARRIORS,LOUNGEROOM,1,3,ALPHABETICAL
green-688,THE KARATE KID,LOUNGEROOM,1,3,ALPHABETICAL
green-689,KING ARTHUR AND THE KNIGHTS OF JUSTICE,LOUNGEROOM,1,3,ALPHABETICAL
green-690,LADY LOVELY LOCKS,LOUNGEROOM,1,3,ALPHABETICAL
green-691,THE LEGEND OF PRINCE VALIANT,LOUNGEROOM,1,3,ALPHABETICAL
green-692,THE LEGENDS OF TREASURE ISLAND,LOUNGEROOM,1,3,ALPHABETICAL
green-693,THE LEGEND OF ZELDA,LOUNGEROOM,1,3,ALPHABETICAL
green-694,THE LITTLE LULU SHOW,LOUNGEROOM,1,3,ALPHABETICAL
green-695,LITTLE MONSTERS,GARAGE,TUB 6,,NUMERICAL
green-696,LITTLE WIZARDS,LOUNGEROOM,1,3,ALPHABETICAL
green-697,THE LITTLES,LOUNGEROOM,1,3,ALPHABETICAL
green-698,THE LITTLE POLAR BEAR,GARAGE,TUB 6,,NUMERICAL
green-699,LUCKY LUKE,GARAGE,TUB 6,,NUMERICAL
green-700,THE MAGIC ADVENTURES OF MUMFIE,GARAGE,TUB 6,,NUMERICAL
green-701,THE MASK,LOUNGEROOM,1,3,ALPHABETICAL
green-702,MEGA MAN,LOUNGEROOM,1,3,ALPHABETICAL
green-703,MEN IN BLACK,LOUNGEROOM,1,3,ALPHABETICAL
green-704,MERLIN THE MAGICAL PUPPY,GARAGE,TUB 6,,NUMERICAL
green-705,MICROSCOPIC MILTON,LOUNGEROOM,1,3,ALPHABETICAL
green-706,MIGHTY DUCKS,LOUNGEROOM,1,3,ALPHABETICAL
green-707,MIGHTY ORBOTS,LOUNGEROOM,1,3,ALPHABETICAL
green-708,MIGHTY MAX,LOUNGEROOM,1,3,ALPHABETICAL
green-709,MONSTER FORCE,LOUNGEROOM,1,3,ALPHABETICAL
green-710,MOT,GARAGE,TUB 6,,NUMERICAL
green-711,MOTHER GOOSE AND GRIMM,LOUNGEROOM,1,3,ALPHABETICAL
green-712,MUMMIES ALIVE,LOUNGEROOM,1,3,ALPHABETICAL
green-713,MUTANT LEAGUE,LOUNGEROOM,1,3,ALPHABETICAL
green-714,NEDS NEWT,LOUNGEROOM,1,4,ALPHABETICAL
green-715,NIGHTMARE NED,LOUNGEROOM,1,4,ALPHABETICAL
green-716,NODDY,LOUNGEROOM,1,4,ALPHABETICAL
green-717,OAKIE DOKE,LOUNGEROOM,1,4,ALPHABETICAL
green-718,OCEAN GIRL,GARAGE,TUB 6,,NUMERICAL
green-719,OGGY AND THE COCKROACHES,LOUNGEROOM,1,4,ALPHABETICAL
green-720,ONCE UPON A TIME,GARAGE,TUB 6,,NUMERICAL
green-721,OLLIVERS ADVENTURES,GARAGE,TUB 6,,NUMERICAL
green-722,OSCAR AND FRIENDS,GARAGE,TUB 6,,NUMERICAL
green-723,OSCARS ORCHESTRA,LOUNGEROOM,1,4,ALPHABETICAL
green-724,OZ KIDS,LOUNGEROOM,1,4,ALPHABETICAL
green-725,PABLO THE LITTLE RED FOX,GARAGE,TUB 6,,NUMERICAL
green-726,PAW PAWS,LOUNGEROOM,1,4,ALPHABETICAL
green-727,PERCY THE PARK KEEPER,GARAGE,TUB 6,,NUMERICAL
green-728,PETALS,GARAGE,TUB 6,,NUMERICAL
green-729,PEPPER ANN,LOUNGEROOM,1,4,ALPHABETICAL
green-730,PETER PAN AND THE PIRATES,LOUNGEROOM,1,4,ALPHABETICAL
green-731,PHANTOM 2040,LOUNGEROOM,1,4,ALPHABETICAL
green-732,PHILBERT FROG,GARAGE,TUB 7,,NUMERICAL
green-733,THE SIMPSONS COMPLETE 6th SEASON,LOUNGEROOM,2,1,ALPHABETICAL
green-734,THE SIMPSONS COMPLETE 6th SEASON,LOUNGEROOM,2,1,ALPHABETICAL
green-735,THE SIMPSONS COMPLETE 6th SEASON,LOUNGEROOM,2,1,ALPHABETICAL
green-736,THE SIMPSONS COMPLETE 6th SEASON,LOUNGEROOM,2,1,ALPHABETICAL
green-737,FAMILY GUY SEASON 1 DISC 1,LOUNGEROOM,1,2,ALPHABETICAL
green-738,FAMILY GUY SEASON 1 DISC 2,LOUNGEROOM,1,2,ALPHABETICAL
green-739,FAMILY GUY SEASON 2 DISC 1,LOUNGEROOM,1,2,ALPHABETICAL
green-740,FAMILY GUY SEASON 2 DISC 2,LOUNGEROOM,1,2,ALPHABETICAL
green-741,FAMILY GUY SEASON 3 DISC 1,LOUNGEROOM,1,2,ALPHABETICAL
green-742,FAMILY GUY SEASON 3 DISC 2,LOUNGEROOM,1,2,ALPHABETICAL
green-743,FAMILY GUY SEASON 3 DISC 3,LOUNGEROOM,1,2,ALPHABETICAL
green-744,FAMILY GUY UNCOVERED DISC 1,LOUNGEROOM,1,2,ALPHABETICAL
green-745,FAMILY GUY UNCOVERED DISC 1,LOUNGEROOM,1,2,ALPHABETICAL
green-746,PIGGSBURG PIGS,LOUNGEROOM,1,4,ALPHABETICAL
green-747,THE PINK PANTHER,LOUNGEROOM,1,4,ALPHABETICAL
green-748,THE PIRATES OF DARK WATER,LOUNGEROOM,1,4,ALPHABETICAL
green-749,POLE POSITION,LOUNGEROOM,1,4,ALPHABETICAL
green-750,POLICE ACADEMY,LOUNGEROOM,1,4,ALPHABETICAL
green-751,POPEYE AND SON,LOUNGEROOM,1,4,ALPHABETICAL
green-752,POPPLES,LOUNGEROOM,1,4,ALPHABETICAL
green-753,POSTMAN PAT,LOUNGEROOM,1,4,ALPHABETICAL
green-754,CAILLOU… THE CAT’S MEOW,GARAGE,TUB 7,,NUMERICAL
green-755,GERONIMO STILTON,BEDROOM,4,4,CATEGORIES
green-756,THE BISKITTS THE COMPLETE SERIES DISC 1,LOUNGEROOM,1,TOP SHELF,ALPHABETICAL
green-757,THE BISKITTS THE COMPLETE SERIES DISC 2,LOUNGEROOM,1,TOP SHELF,ALPHABETICAL
green-758,POTATOES AND DRAGONS,LOUNGEROOM,1,4,ALPHABETICAL
green-759,PRINCESS GWENEVERE AND THE JEWEL RIDERS,LOUNGEROOM,1,4,ALPHABETICAL
green-760,PRO STARS,LOUNGEROOM,1,4,ALPHABETICAL
green-761,THE QUEENS NOSE,LOUNGEROOM,1,4,ALPHABETICAL
green-762,THE RACCOONS,LOUNGEROOM,1,4,ALPHABETICAL
green-763,RAINBOW BRITE,LOUNGEROOM,1,4,ALPHABETICAL
green-764,THE REAL GHOSTBUSTERS,LOUNGEROOM,1,4,ALPHABETICAL
green-765,REBOOT,LOUNGEROOM,1,4,ALPHABETICAL
green-766,LOONEY TUNES COMPLETE PLATINUM COLLECTION DISC 1 VOLUME 1,GARAGE,TUB 7,,NUMERICAL
green-767,LOONEY TUNES COMPLETE PLATINUM COLLECTION DISC 2 VOLUME 1,GARAGE,TUB 7,,NUMERICAL
green-768,LOONEY TUNES COMPLETE PLATINUM COLLECTION DISC 3 VOLUME 2,GARAGE,TUB 7,,NUMERICAL
green-769,LOONEY TUNES COMPLETE PLATINUM COLLECTION DISC 4 VOLUME 2,GARAGE,TUB 7,,NUMERICAL
green-770,LOONEY TUNES COMPLETE PLATINUM COLLECTION DISC 5 VOLUME 3,GARAGE,TUB 7,,NUMERICAL
green-771,LOONEY TUNES COMPLETE PLATINUM COLLECTION DISC 6 VOLUME 3,GARAGE,TUB 7,,NUMERICAL
green-772,CENTURIONS THE ORIGINAL MINISERIES,LOUNGEROOM,1,1,ALPHABETICAL
green-773,ROBOCOP,LOUNGEROOM,1,4,ALPHABETICAL
green-774,THE ROBONIC STOOGES,LOUNGEROOM,1,4,ALPHABETICAL
green-775,RUBBISH KING OF THE JUMBLE,GARAGE,TUB 7,,NUMERICAL
green-776,SABER RIDER AND THE STAR SHERIFFS,LOUNGEROOM,2,1,ALPHABETICAL
green-777,SAILOR MOON,LOUNGEROOM,2,1,ALPHABETICAL
green-778,SAMURAI PIZZA CATS,LOUNGEROOM,2,1,ALPHABETICAL
green-779,SANTO BUGITO,LOUNGEROOM,2,1,ALPHABETICAL
green-780,SEABERT,LOUNGEROOM,2,1,ALPHABETICAL
green-781,THE SECRET FILES OF SPYDOGS,LOUNGEROOM,2,1,ALPHABETICAL
green-782,SESAME STREET,LOUNGEROOM,2,1,ALPHABETICAL
green-783,SHADOW RAIDERS,LOUNGEROOM,2,1,ALPHABETICAL
green-784,SHERLOCK HOLMES IN THE 22ND CENTURY,LOUNGEROOM,2,1,ALPHABETICAL
green-785,THE SHNOOKUMS AND MEAT FUNNY CARTOON SHOW,LOUNGEROOM,2,1,ALPHABETICAL
green-786,SHE RA PRINCESS OF POWER,LOUNGEROOM,2,1,ALPHABETICAL
green-787,SILVER SURFER,LOUNGEROOM,2,1,ALPHABETICAL
green-788,SKELETON WARRIORS,LOUNGEROOM,2,1,ALPHABETICAL
green-789,SOOTY & CO,LOUNGEROOM,2,1,ALPHABETICAL
green-790,SOUL MUSIC,GARAGE,TUB 7,,NUMERICAL
green-791,SPACE GOOFS,GARAGE,TUB 7,,NUMERICAL
green-792,SPIDER MAN,LOUNGEROOM,2,1,ALPHABETICAL
green-793,SPIDER MAN AND HIS AMAZING FRIENDS,LOUNGEROOM,2,1,ALPHABETICAL
green-794,SPIDER MAN,LOUNGEROOM,2,1,ALPHABETICAL
green-795,SPIDER WOMAN,LOUNGEROOM,2,1,ALPHABETICAL
green-796,STONE PROTECTORS,LOUNGEROOM,2,1,ALPHABETICAL
green-797,STREET FIGHTER,LOUNGEROOM,2,1,ALPHABETICAL
green-798,STUNT DAWGS,LOUNGEROOM,2,1,ALPHABETICAL
green-799,SUPER DAVE,LOUNGEROOM,2,1,ALPHABETICAL
green-800,SUPERMAN,LOUNGEROOM,2,1,ALPHABETICAL
green-801,SWAMP THING,LOUNGEROOM,2,1,ALPHABETICAL
green-802,SYLVANIAN FAMILIES,GARAGE,TUB 7,,NUMERICAL
green-803,Littlest Pet Shop- Strike a Pose!,GARAGE,TUB 7,,NUMERICAL
green-804,Mighty Mouse The New Adventures! Disc 1,BEDROOM,4,4,CATEGORIES
green-805,Mighty Mouse The New Adventures! Disc 2,BEDROOM,4,4,CATEGORIES
green-806,Mighty Mouse The New Adventures! Disc 3,BEDROOM,4,4,CATEGORIES
green-807,Spongebob Squarepants Legends of Bikini Bottom,BEDROOM,4,4,CATEGORIES
green-808,THE LITTLE MERMAID,BEDROOM,4,2,CATEGORIES
green-809,THE FLINTSTONE KIDS DISC 1,LOUNGEROOM,1,1,ALPHABETICAL
green-810,THE FLINTSTONE KIDS DISC 2,LOUNGEROOM,1,1,ALPHABETICAL
green-811,CHALLENGE OF THE GOBOTS,LOUNGEROOM,1,1,ALPHABETICAL
green-812,CLUE CLUB DISC 1,GARAGE,TUB 7,,NUMERICAL
green-813,CLUE CLUB DISC 2,GARAGE,TUB 7,,NUMERICAL
green-814,FANTASTIC MAX,LOUNGEROOM,1,2,ALPHABETICAL
green-815,DISNEY’S CHRISTMAS FAVOURITES,BEDROOM,4,1,CATEGORIES
green-816,ALADDIN THE COMPLETE SERIES,LOUNGEROOM,1,TOP SHELF,ALPHABETICAL
green-817,SUPER MARIO BROS. SUPER SHOW 1UP,LOUNGEROOM,2,1,ALPHABETICAL
green-818,SUPER MARIO BROS. SUPER SHOW 2UP,LOUNGEROOM,2,1,ALPHABETICAL
green-819,SUPER MARIO BROS. SUPER SHOW 3UP,LOUNGEROOM,2,1,ALPHABETICAL
green-820,SUPER MARIO BROS. SUPER SHOW 4UP,LOUNGEROOM,2,1,ALPHABETICAL
green-821,SUPER MARIO BROS. SUPER SHOW 5UP,LOUNGEROOM,2,1,ALPHABETICAL
green-822,SUPER MARIO BROS.,LOUNGEROOM,2,1,ALPHABETICAL
green-823,ALBERT THE 5TH MUSKETEER,LOUNGEROOM,1,TOP SHELF,ALPHABETICAL
green-824,DAVID THE GNOME,LOUNGEROOM,1,1,ALPHABETICAL
green-825,DRAGON’S LAIR DISC 1,LOUNGEROOM,1,1,ALPHABETICAL
green-826,DRAGON’S LAIR DISC 2,LOUNGEROOM,1,1,ALPHABETICAL
green-827,DROOPY MASTER DETECTIVE,LOUNGEROOM,1,1,ALPHABETICAL
green-828,DUMB AND DUMBER DISC 1,LOUNGEROOM,1,1,ALPHABETICAL
green-829,DUMB AND DUMBER DISC 2,LOUNGEROOM,1,1,ALPHABETICAL
green-830,GALTAR AND THE GOLDEN LANCE DISC 1,LOUNGEROOM,1,2,ALPHABETICAL
green-831,GALTAR AND THE GOLDEN LANCE DISC 2,LOUNGEROOM,1,2,ALPHABETICAL
green-832,GALTAR AND THE GOLDEN LANCE DISC 3,LOUNGEROOM,1,2,ALPHABETICAL
green-833,HEATHCLIFF,LOUNGEROOM,1,2,ALPHABETICAL
green-834,THE INCREDIBLE HULK DISC 1,LOUNGEROOM,1,3,ALPHABETICAL
green-835,THE INCREDIBLE HULK DISC 2,LOUNGEROOM,1,3,ALPHABETICAL
green-836,THE JUNGLE BOOK,LOUNGEROOM,1,3,ALPHABETICAL
green-837,MISTER T,LOUNGEROOM,1,3,ALPHABETICAL
green-838,MY PET MONSTER,LOUNGEROOM,1,3,ALPHABETICAL
green-839,WHERE ON EARTH IS CARMEN SANDIEGO,LOUNGEROOM,2,2,ALPHABETICAL
green-840,WISH KID,LOUNGEROOM,2,2,ALPHABETICAL
green-841,THE WIZARD OF OZ,LOUNGEROOM,2,2,ALPHABETICAL
green-842,ALL DOGS GO TO HEAVEN,LOUNGEROOM,1,TOP SHELF,ALPHABETICAL
green-843,ANTHONY ANT,LOUNGEROOM,1,TOP SHELF,ALPHABETICAL
green-844,BAD DOG,LOUNGEROOM,1,TOP SHELF,ALPHABETICAL
green-845,BUMP IN THE NIGHT,LOUNGEROOM,1,1,ALPHABETICAL
green-846,CREEPY CRAWLERS,LOUNGEROOM,1,1,ALPHABETICAL
green-847,CRO,LOUNGEROOM,1,1,ALPHABETICAL
green-848,DENNIS THE MENACE,LOUNGEROOM,1,1,ALPHABETICAL
green-849,DENVER THE LAST DINOSAUR,LOUNGEROOM,1,1,ALPHABETICAL
green-850,DINK THE LITTLE DINOSAUR,LOUNGEROOM,1,1,ALPHABETICAL
green-851,DOGTANIAN AND THE THREE MUSKEHOUNDS,LOUNGEROOM,1,1,ALPHABETICAL
green-852,THE GET ALONG GANG,LOUNGEROOM,1,2,ALPHABETICAL
green-853,HERCULES,LOUNGEROOM,1,2,ALPHABETICAL
green-854,THE INCREDIBLE HULK,LOUNGEROOM,1,3,ALPHABETICAL
green-855,JEM,LOUNGEROOM,1,3,ALPHABETICAL
green-856,THE LITTLE MERMAID,LOUNGEROOM,1,3,ALPHABETICAL
green-857,MORTAL KOMBAT,LOUNGEROOM,1,3,ALPHABETICAL
green-858,MUPPET BABIES,LOUNGEROOM,1,3,ALPHABETICAL
green-859,THE NEW ADVENTURES OF WINNIE THE POOH,LOUNGEROOM,1,4,ALPHABETICAL
green-860,POUND PUPPIES,LOUNGEROOM,1,4,ALPHABETICAL
green-861,TOXIC CRUSADERS,LOUNGEROOM,2,2,ALPHABETICAL
green-862,TROLLKINS,LOUNGEROOM,2,2,ALPHABETICAL
green-863,WAYNEHEAD,LOUNGEROOM,2,2,ALPHABETICAL
green-864,THE TICK VS. SEASON 1 DISC 1,LOUNGEROOM,2,1,ALPHABETICAL
green-865,THE TICK VS. SEASON 1 DISC 2,LOUNGEROOM,2,1,ALPHABETICAL
green-866,THE TRAP DOOR COMPLETE COLLECTION,LOUNGEROOM,2,2,ALPHABETICAL
green-867,THE LITTLE MERMAID,,,,
green-868,JUNGLE GIRL and the LOST ISLAND of DINOSAURS,,,,
green-869,THE HUNCHBACK OF NOTRE DAME,,,,
green-870,A.B.C.  HIT CLIPS,,,,
green-871,PELSWICK VOLUME 2,GARAGE,TUB 7,,NUMERICAL
green-872,BASIL THE GREAT MOUSE DETECTIVE,,,,
green-873,FANTASIA,,,,
green-874,POPEYE AND FRIENDS VOLUME 2,,,,
green-875,MAGGIE AND THE FEROCIOUS BEAST VOLUME 1,,,,
green-876,LEO THE LION VOLUME 3,,,,
green-877,"MILLY, MOLLY ADVENTURES",,,,
green-878,GOLDEN FILMS THE WIZARD OF OZ & SNOW WHITE AND THE SEVEN DWARFS,,,,
green-879,YOUNG POCAHONTAS,,,,
green-880,THE ADVENTURES OF TEDDY RUXPIN,LOUNGEROOM,1,TOP SHELF,ALPHABETICAL
green-881,BOB AND MARGARET,LOUNGEROOM,1,TOP SHELF,ALPHABETICAL
green-882,EXTREME DINOSAURS,LOUNGEROOM,1,2,ALPHABETICAL
green-883,FLYING RHINO JUNIOR HIGH,LOUNGEROOM,1,2,ALPHABETICAL
green-884,HISTERIA,LOUNGEROOM,1,2,ALPHABETICAL
green-885,ULYSSES 31,LOUNGEROOM,2,2,ALPHABETICAL
green-886,WHAT A MESS,LOUNGEROOM,2,2,ALPHABETICAL
green-887,YVON OF THE YUKON,LOUNGEROOM,2,2,ALPHABETICAL
green-888,HEY ARNOLD! SEASON 1 DISC 1,LOUNGEROOM,1,2,ALPHABETICAL
green-889,HEY ARNOLD! SEASON 1 DISC 2,LOUNGEROOM,1,2,ALPHABETICAL
green-890,HEY ARNOLD! SEASON 1 DISC 3,LOUNGEROOM,1,2,ALPHABETICAL
green-891,HEY ARNOLD! SEASON 1 DISC 4,LOUNGEROOM,1,2,ALPHABETICAL
green-892,LILY’S DRIFTWOOD BAY SEA TREASURE AND ACROSS THE BAY DISC 1,GARAGE,TUB 7,,NUMERICAL
green-893,LILY’S DRIFTWOOD BAY SEA TREASURE AND ACROSS THE BAY DISC 2,GARAGE,TUB 7,,NUMERICAL
green-894,LILY’S DRIFTWOOD BAY SEA ALL ABOARD AND HOLD ONTO YOUR HAT DISC 1,GARAGE,TUB 7,,NUMERICAL
green-895,LILY’S DRIFTWOOD BAY SEA ALL ABOARD AND HOLD ONTO YOUR HAT DISC 2,GARAGE,TUB 7,,NUMERICAL
green-896,TIN TIN  DISC ONE,LOUNGEROOM,1,TOP SHELF,ALPHABETICAL
green-897,TIN TIN  DISC TWO,LOUNGEROOM,1,TOP SHELF,ALPHABETICAL
green-898,TIN TIN  DISC THREE,LOUNGEROOM,1,TOP SHELF,ALPHABETICAL
green-899,TIN TIN  DISC FOUR,LOUNGEROOM,1,TOP SHELF,ALPHABETICAL
green-900,TIN TIN  DISC FIVE,LOUNGEROOM,1,TOP SHELF,ALPHABETICAL
green-901,BUDGIE THE LITTLE HELICOPTER “PIPPA ARRIVES”,LOUNGEROOM,1,1,ALPHABETICAL
green-902,BOO! COUNTRY ADVENTURES,,,,
green-903,THE ADVENTURES OF THE LITTLE KOALA,LOUNGEROOM,1,TOP SHELF,ALPHABETICAL
green-904,ANIMAL CRACKERS,LOUNGEROOM,1,TOP SHELF,ALPHABETICAL
green-905,BABY HUEY SHOW,LOUNGEROOM,1,TOP SHELF,ALPHABETICAL
green-906,THE BASKERVILLES,GARAGE,TUB 7,,NUMERICAL
green-907,BANGERS AND MASH,GARAGE,TUB 7,,NUMERICAL
green-908,BILLY THE CAT,GARAGE,TUB 7,,NUMERICAL
green-909,BIRDZ,LOUNGEROOM,1,TOP SHELF,ALPHABETICAL
green-910,BRAMBLY HEDGE,LOUNGEROOM,1,TOP SHELF,ALPHABETICAL
green-911,DETENTION,LOUNGEROOM,1,1,ALPHABETICAL
green-912,DOUG,LOUNGEROOM,1,1,ALPHABETICAL
green-913,ECKHART,GARAGE,TUB 7,,NUMERICAL
green-914,EXTREME GHOSTBUSTERS,LOUNGEROOM,1,2,ALPHABETICAL
green-915,THE FANTASTIC VOYAGES OF SINBAD THE SAILOR,LOUNGEROOM,1,2,ALPHABETICAL
green-916,GREATEST ADVENTURES STORIES FROM THE BIBLE,LOUNGEROOM,1,2,ALPHABETICAL
green-917,HAIRY MACLARY,GARAGE,TUB 7,,NUMERICAL
green-918,HILLTOP HOSPITAL,GARAGE,TUB 7,,NUMERICAL
green-919,IN THE BEGINNING,GARAGE,TUB 8,,NUMERICAL
green-920,JUMANJI,LOUNGEROOM,1,3,ALPHABETICAL
green-921,KIPPER,LOUNGEROOM,1,3,ALPHABETICAL
green-922,LI’L ELVIS,GARAGE,TUB 8,,NUMERICAL
green-923,MOPATOP’S SHOP VOLUME 1 DISC 1,GARAGE,TUB 8,,NUMERICAL
green-924,MOPATOP’S SHOP VOLUME 1 DISC 2,GARAGE,TUB 8,,NUMERICAL
green-925,MOPATOP’S SHOP VOLUME 1 DISC 3,GARAGE,TUB 8,,NUMERICAL
green-926,THE NEW WOODY WOODPECKER SHOW,LOUNGEROOM,1,4,ALPHABETICAL
green-927,THE NEW ADVENTURES OF ZORRO,LOUNGEROOM,1,4,ALPHABETICAL
green-928,PB AND J OTTER,LOUNGEROOM,1,4,ALPHABETICAL
green-929,POWERTEAM,LOUNGEROOM,1,4,ALPHABETICAL
green-930,RECESS,LOUNGEROOM,1,4,ALPHABETICAL
green-931,ROAD ROVERS,LOUNGEROOM,1,4,ALPHABETICAL
green-932,BUDGIE THE LITTLE HELICOPTER,LOUNGEROOM,1,1,ALPHABETICAL
green-933,ETHELBERT THE TIGER,GARAGE,TUB 8,,NUMERICAL
green-934,THE HUNCHBACK OF NOTRE DAME,BEDROOM,4,2,CATEGORIES
green-935,BALTO,GARAGE,TUB 8,,NUMERICAL
green-936,BALTO WOLF QUEST,GARAGE,TUB 8,,NUMERICAL
green-937,BALTO WINGS OF CHANGE,GARAGE,TUB 8,,NUMERICAL
green-938,BROTHER BEAR,BEDROOM,4,1,CATEGORIES
green-939,SABAN’S ADVENTURES OF OLIVER TWIST,LOUNGEROOM,2,1,ALPHABETICAL
green-940,SABAN’S ADVENTURES OF THE LITTLE MERMAID,LOUNGEROOM,2,1,ALPHABETICAL
green-941,SABAN’S AROUND THE WORLD IN 80 DREAMS,LOUNGEROOM,2,1,ALPHABETICAL
green-942,SABAN’S GULLIVER’S TRAVELS,LOUNGEROOM,2,1,ALPHABETICAL
green-943,THE SAVAGE DRAGON,LOUNGEROOM,2,1,ALPHABETICAL
green-944,STOP THE SMOGGIES,LOUNGEROOM,2,1,ALPHABETICAL
green-945,TARZAN LORD OF THE JUNGLE,GARAGE,TUB 8,,NUMERICAL
green-946,TEEN WOLF,LOUNGEROOM,2,1,ALPHABETICAL
green-947,THE TERRIBLE THUNDERLIZARDS,LOUNGEROOM,2,1,ALPHABETICAL
green-948,THOMAS THE TANK ENGINE AND FRIENDS,LOUNGEROOM,2,1,ALPHABETICAL
green-949,THUNDERCATS,LOUNGEROOM,2,1,ALPHABETICAL
green-950,TIMBUCTOO,LOUNGEROOM,2,2,ALPHABETICAL
green-951,TOONSYLVANIA,LOUNGEROOM,2,2,ALPHABETICAL
green-952,TRANSYLVANIA PET SHOP,LOUNGEROOM,2,2,ALPHABETICAL
green-953,TUTENSTEIN,GARAGE,TUB 8,,NUMERICAL
green-954,VICTOR AND HUGO,LOUNGEROOM,2,2,ALPHABETICAL
green-955,VISIONARIES KNIGHTS OF THE MAGICAL LIGHT,LOUNGEROOM,2,2,ALPHABETICAL
green-956,VOLTRON,LOUNGEROOM,2,2,ALPHABETICAL
green-957,VYTOR THE STARFIRE CHAMPION,LOUNGEROOM,2,2,ALPHABETICAL
green-958,WATERSHIP DOWN,LOUNGEROOM,2,2,ALPHABETICAL
green-959,WALTER MELON,LOUNGEROOM,2,2,ALPHABETICAL
green-960,WEB WOMAN,GARAGE,TUB 8,,NUMERICAL
green-961,WHERE’S WALLY,LOUNGEROOM,2,2,ALPHABETICAL
green-962,WILD C.A.T.S,LOUNGEROOM,2,2,ALPHABETICAL
green-963,WILD WEST COWBOYS OF MOO MESA,LOUNGEROOM,2,2,ALPHABETICAL
green-964,WUZZLES,LOUNGEROOM,2,2,ALPHABETICAL
green-965,YOUNG ROBIN HOOD,LOUNGEROOM,2,2,ALPHABETICAL
green-966,ZOT THE DOG,GARAGE,TUB 8,,NUMERICAL
green-967,64 ZOO LANE,GARAGE,TUB 8,,NUMERICAL
green-968,ACTION MAN,LOUNGEROOM,1,TOP SHELF,ALPHABETICAL
green-969,ACE VENTURA PET DETECTIVE,LOUNGEROOM,1,TOP SHELF,ALPHABETICAL
green-970,THE ADDAMS FAMILY,LOUNGEROOM,1,TOP SHELF,ALPHABETICAL
green-971,AEON FLUX,LOUNGEROOM,1,TOP SHELF,ALPHABETICAL
green-972,BACK TO THE FUTURE,GARAGE,TUB 8,,NUMERICAL
green-973,BATTLETOADS,LOUNGEROOM,1,TOP SHELF,ALPHABETICAL
green-974,BATTLETECH,LOUNGEROOM,1,TOP SHELF,ALPHABETICAL
green-975,BILL AND TED'S EXCELLENT ADVENTURES,LOUNGEROOM,1,TOP SHELF,ALPHABETICAL
green-976,BIONIC SIX,LOUNGEROOM,1,TOP SHELF,ALPHABETICAL
green-977,BLAZING DRAGONS,LOUNGEROOM,1,TOP SHELF,ALPHABETICAL
green-978,BLINKY BILL,GARAGE,TUB 8,,NUMERICAL
green-979,BUTTON MOON,LOUNGEROOM,1,1,ALPHABETICAL
green-980,A BUNCH OF MUNSCH,LOUNGEROOM,1,1,ALPHABETICAL
green-981,CARE BEARS,LOUNGEROOM,1,1,ALPHABETICAL
green-982,CARE BEARS FAMILY,LOUNGEROOM,1,1,ALPHABETICAL
green-983,CAMP CANDY,LOUNGEROOM,1,1,ALPHABETICAL
green-984,DRAK PACK,LOUNGEROOM,1,1,ALPHABETICAL
green-985,THE DUKES,LOUNGEROOM,1,1,ALPHABETICAL
green-986,DUNGEONS AND DRAGONS,LOUNGEROOM,1,2,ALPHABETICAL
green-987,EUREEKA'S CASTLE,LOUNGEROOM,1,2,ALPHABETICAL
green-988,EWOK'S,LOUNGEROOM,1,2,ALPHABETICAL
green-989,THE FUNKY PHANTOM,LOUNGEROOM,1,2,ALPHABETICAL
green-990,GARBAGE PAIL KIDS,LOUNGEROOM,1,2,ALPHABETICAL
green-991,THE GARY COLEMAN SHOW,LOUNGEROOM,1,2,ALPHABETICAL
green-992,GOLDIE GOLD AND ACTION JACK,LOUNGEROOM,1,2,ALPHABETICAL
green-993,UNDERDOG VOL 1.2,GARAGE,TUB 8,,NUMERICAL
green-994,"THE LOONEY, LOONEY, LOONEY BUGS BUNNY MOVIE",GARAGE,TUB 8,,NUMERICAL
green-995,PLANKTON THE MOVIE,GARAGE,TUB 8,,NUMERICAL
green-996,DOT AND THE BUNNY,GARAGE,TUB 8,,NUMERICAL
green-997,THE LITTLE MERMAID,GARAGE,TUB 8,,NUMERICAL
green-998,HENRY'S CAT,LOUNGEROOM,1,2,ALPHABETICAL
green-999,HUXLEY PIG,LOUNGEROOM,1,3,ALPHABETICAL
pink-1,INCH HIGH PRIVATE EYE,GARAGE,TUB 9,,NUMERICAL
pink-2,JAMES BOND JR,LOUNGEROOM,1,3,ALPHABETICAL
pink-3,JAMES THE CAT,GARAGE,TUB 9,,NUMERICAL
pink-4,JOSIE AND THE PUSSYCATS,GARAGE,TUB 9,,NUMERICAL
pink-5,KISSYFUR,LOUNGEROOM,1,3,ALPHABETICAL
pink-6,KITU AND WOOFL,GARAGE,TUB 9,,NUMERICAL
pink-7,LAMB CHOP'S PLAY ALONG,LOUNGEROOM,1,3,ALPHABETICAL
pink-8,LAVERNE AND SHIRLEY,LOUNGEROOM,1,3,ALPHABETICAL
pink-9,THE WIND IN THE WILLOWS VOLUME 1,LOUNGEROOM,2,2,ALPHABETICAL
pink-10,THE WIND IN THE WILLOWS VOLUME 2,LOUNGEROOM,2,2,ALPHABETICAL
pink-11,LIFE WITH LOUIE,LOUNGEROOM,1,3,ALPHABETICAL
pink-12,LITTLE BILL,LOUNGEROOM,1,3,ALPHABETICAL
pink-13,LITTLE CLOWNS OF HAPPYTOWN,LOUNGEROOM,1,3,ALPHABETICAL
pink-14,LITTLE DRACULA,LOUNGEROOM,1,3,ALPHABETICAL
pink-15,LITTLE SHOP,LOUNGEROOM,1,3,ALPHABETICAL
pink-16,LITTLEST PET SHOP,LOUNGEROOM,1,3,ALPHABETICAL
pink-17,MONCHHICHIS,LOUNGEROOM,1,3,ALPHABETICAL
pink-18,THE MYSTERIOUS CITIES OF GOLD,LOUNGEROOM,1,3,ALPHABETICAL
pink-19,MYTHIC WARRIORS GUARDIANS OF THE LEGEND,LOUNGEROOM,1,3,ALPHABETICAL
pink-20,NELLIE THE ELEPHANT,LOUNGEROOM,1,4,ALPHABETICAL
pink-21,MOLLY MOO COW,GARAGE,TUB 9,,NUMERICAL
pink-22,BANANAS IN PYJAMAS PARTY PACK,GARAGE,TUB 9,,NUMERICAL
pink-23,CARTOON COLLECTION,GARAGE,TUB 9,,NUMERICAL
pink-24,THE NEW ARCHIES,LOUNGEROOM,1,4,ALPHABETICAL
pink-25,OX TALES,LOUNGEROOM,1,4,ALPHABETICAL
pink-26,PANDAMONIUM,LOUNGEROOM,1,4,ALPHABETICAL
pink-27,PINK PANTHER AND SONS,LOUNGEROOM,1,4,ALPHABETICAL
pink-28,THE POWEROUFF GIRLS,LOUNGEROOM,1,4,ALPHABETICAL
pink-29,GOING NUTS WITH MACADAMIA,BEDROOM,2,5,NUMERICAL
pink-30,THE SECRET OF NIMH,BEDROOM,2,5,NUMERICAL
pink-31,THE JUNGLE BOOK VOLUME 1,BEDROOM,2,5,NUMERICAL
pink-32,THE JUNGLE BOOK VOLUME 2,BEDROOM,2,5,NUMERICAL
pink-33,RAYMAN,LOUNGEROOM,1,4,ALPHABETICAL
pink-34,ROBOTECH,LOUNGEROOM,1,4,ALPHABETICAL
pink-35,ROCKY AND THE DODOS,LOUNGEROOM,1,4,ALPHABETICAL
pink-36,ROSIE AND JIM,LOUNGEROOM,1,4,ALPHABETICAL
pink-37,ROUND THE TWIST,LOUNGEROOM,1,4,ALPHABETICAL
pink-38,LOONEY TUNES BEST OF BUGS BUNNY,BEDROOM,2,5,NUMERICAL
pink-39,LOONEY TUNES BEST OF DAFFY AND PORKY,BEDROOM,2,5,NUMERICAL
pink-40,LOONEY TUNES ALL STARS VOL 1,BEDROOM,2,5,NUMERICAL
pink-41,LOONEY TUNES ALL STARS VOL 2,BEDROOM,2,5,NUMERICAL
pink-42,LOONEY TUNES BUGS BUNNY MASTERPIECES,BEDROOM,2,5,NUMERICAL
pink-43,LOONEY TUNES ROAD RUNNER AND FRIENDS,BEDROOM,2,5,NUMERICAL
pink-44,LOONEY TUNES TWEETY AND SYLVESTER,BEDROOM,2,5,NUMERICAL
pink-45,LOONEY TUNES ALL STARS VOL 3,BEDROOM,2,5,NUMERICAL
pink-46,LOONEY TUNES DISC 1,BEDROOM,2,5,NUMERICAL
pink-47,LOONEY TUNES DISC 2,BEDROOM,2,5,NUMERICAL
pink-48,LOONEY TUNES DISC 3,BEDROOM,2,5,NUMERICAL
pink-49,LOONEY TUNES DISC 4,BEDROOM,2,5,NUMERICAL
pink-50,LOONEY TUNES DISC 1,BEDROOM,2,5,NUMERICAL
pink-51,LOONEY TUNES DISC 2,BEDROOM,2,5,NUMERICAL
pink-52,LOONEY TUNES DISC 3,BEDROOM,2,5,NUMERICAL
pink-53,LOONEY TUNES DISC 4,BEDROOM,2,5,NUMERICAL
pink-54,LOONEY TUNES DISC 1,BEDROOM,2,6,NUMERICAL
pink-55,LOONEY TUNES DISC 2,BEDROOM,2,6,NUMERICAL
pink-56,LOONEY TUNES DISC 3,BEDROOM,2,6,NUMERICAL
pink-57,LOONEY TUNES DISC 4,BEDROOM,2,6,NUMERICAL
pink-58,LOONEY TUNES DISC 1,BEDROOM,2,6,NUMERICAL
pink-59,LOONEY TUNES DISC 2,BEDROOM,2,6,NUMERICAL
pink-60,LOONEY TUNES DISC 3,BEDROOM,2,6,NUMERICAL
pink-61,LOONEY TUNES DISC 4,BEDROOM,2,6,NUMERICAL
pink-62,THREE MUSKETERS/SINBAD,BEDROOM,2,6,NUMERICAL
pink-63,MIGHTY PUPS SUPER PAWS,BEDROOM,2,6,NUMERICAL
pink-64,THE BOY AND THE HERON,BEDROOM,2,6,NUMERICAL
pink-65,MIGRATION,BEDROOM,2,6,NUMERICAL
pink-66,SPEED RACER,LOUNGEROOM,2,1,ALPHABETICAL
pink-67,SPARTAKUS AND THE SUN BENEATH THE SEA,LOUNGEROOM,2,1,ALPHABETICAL
pink-68,SPIRAL ZONE,LOUNGEROOM,2,1,ALPHABETICAL
pink-69, STAR WARS DROIDS,LOUNGEROOM,2,1,ALPHABETICAL
pink-70,TABALUGA WHALE,LOUNGEROOM,2,1,ALPHABETICAL
pink-71,NATIONAL GEOGRAPHIC REALLY WILD ANIMALS DEEP SEA DIVE,GARAGE,TUB 9,,NUMERICAL
pink-72,LOONEY TUNES THE ESSENTIAL BUGS BUNNY DISC 1,GARAGE,TUB 9,,NUMERICAL
pink-73,LOONEY TUNES THE ESSENTIAL BUGS BUNNY DISC 2,GARAGE,TUB 9,,NUMERICAL
pink-74,TRANAFORMERS,LOUNGEROOM,2,2,ALPHABETICAL
pink-75,TURBO TEEN,LOUNGEROOM,2,2,ALPHABETICAL
pink-76,WELCOME TO POOH CORNER,LOUNGEROOM,2,2,ALPHABETICAL
pink-77,101 DALMATIANS,LOUNGEROOM,1,TOP SHELF,ALPHABETICAL
pink-78,ANATOLE,LOUNGEROOM,1,TOP SHELF,ALPHABETICAL
pink-79,QUACK PACK,LOUNGEROOM,1,4,ALPHABETICAL
pink-80,REDWALL,LOUNGEROOM,1,4,ALPHABETICAL
pink-81,SERENDPITY THE PINK DRAGON,LOUNGEROOM,2,1,ALPHABETICAL
pink-82,WILDFIRE,LOUNGEROOM,2,2,ALPHABETICAL
pink-83,YOGI'S TREASURE HUNT,LOUNGEROOM,2,2,ALPHABETICAL
